legacy_record_id,legacy_name,legacy_identifier_result,phase5a_evidence_status,v1_chemical_id,v1_feature_id,v1_mapping_status,disposition,reason,publication_facing,traceability_source
LEGACY17-01,(E)-β-Caryophyllene,identifier_conflict,candidate_match,,,no_v1_mapping,quarantine,Current labels arose through a defective import path. A name/RT candidate cannot transfer Table S2 identity or confidence. Retain only as a quarantined historical application record until the local peak is rejoined to primary evidence.,false,phase5a_outputs/current_17_compound_evidence_audit.csv
LEGACY17-02,(E)-β-Farnesene,identifier_conflict,candidate_match,,,no_v1_mapping,quarantine,Current labels arose through a defective import path. A name/RT candidate cannot transfer Table S2 identity or confidence. Retain only as a quarantined historical application record until the local peak is rejoined to primary evidence.,false,phase5a_outputs/current_17_compound_evidence_audit.csv
LEGACY17-03,2-Methyl-4-heptanone,identifier_conflict,candidate_match,,,no_v1_mapping,quarantine,Current labels arose through a defective import path. A name/RT candidate cannot transfer Table S2 identity or confidence. Retain only as a quarantined historical application record until the local peak is rejoined to primary evidence.,false,phase5a_outputs/current_17_compound_evidence_audit.csv
LEGACY17-04,"4,5-Dimethyl Nonane",identifier_conflict,candidate_match,,,no_v1_mapping,quarantine,Current labels arose through a defective import path. A name/RT candidate cannot transfer Table S2 identity or confidence. Retain only as a quarantined historical application record until the local peak is rejoined to primary evidence.,false,phase5a_outputs/current_17_compound_evidence_audit.csv
LEGACY17-05,4-Carene,identifier_conflict,unresolved,,,no_v1_mapping,quarantine,Current labels arose through a defective import path. A name/RT candidate cannot transfer Table S2 identity or confidence. Retain only as a quarantined historical application record until the local peak is rejoined to primary evidence.,false,phase5a_outputs/current_17_compound_evidence_audit.csv
LEGACY17-06,6-Methyl-5-hepten-2-one,identifier_conflict,candidate_match,,,no_v1_mapping,quarantine,Current labels arose through a defective import path. A name/RT candidate cannot transfer Table S2 identity or confidence. Retain only as a quarantined historical application record until the local peak is rejoined to primary evidence.,false,phase5a_outputs/current_17_compound_evidence_audit.csv
LEGACY17-07,Azulene,identifier_conflict,candidate_match,,,no_v1_mapping,quarantine,Current labels arose through a defective import path. A name/RT candidate cannot transfer Table S2 identity or confidence. Retain only as a quarantined historical application record until the local peak is rejoined to primary evidence.,false,phase5a_outputs/current_17_compound_evidence_audit.csv
LEGACY17-08,Benzaldehyde,internally_consistent_not_identity_verified,candidate_match,CHEM-LEGACY-REVIEW-01,,legacy_structure_only_not_peak_mapped,requires_manual_review,Current labels arose through a defective import path. A name/RT candidate cannot transfer Table S2 identity or confidence. Retain only as a quarantined historical application record until the local peak is rejoined to primary evidence.,false,phase5a_outputs/current_17_compound_evidence_audit.csv
LEGACY17-09,Caprolactam,internally_consistent_not_identity_verified,candidate_match,CHEM-LEGACY-REVIEW-02,,legacy_structure_only_not_peak_mapped,requires_manual_review,Current labels arose through a defective import path. A name/RT candidate cannot transfer Table S2 identity or confidence. Retain only as a quarantined historical application record until the local peak is rejoined to primary evidence.,false,phase5a_outputs/current_17_compound_evidence_audit.csv
LEGACY17-10,D-Limonene,identifier_conflict,candidate_match,,,no_v1_mapping,quarantine,Current labels arose through a defective import path. A name/RT candidate cannot transfer Table S2 identity or confidence. Retain only as a quarantined historical application record until the local peak is rejoined to primary evidence.,false,phase5a_outputs/current_17_compound_evidence_audit.csv
LEGACY17-11,Heptacosane,identifier_conflict,candidate_match,,,no_v1_mapping,quarantine,Current labels arose through a defective import path. A name/RT candidate cannot transfer Table S2 identity or confidence. Retain only as a quarantined historical application record until the local peak is rejoined to primary evidence.,false,phase5a_outputs/current_17_compound_evidence_audit.csv
LEGACY17-12,Hexatriacontane,identifier_conflict,unresolved,,,no_v1_mapping,quarantine,Current labels arose through a defective import path. A name/RT candidate cannot transfer Table S2 identity or confidence. Retain only as a quarantined historical application record until the local peak is rejoined to primary evidence.,false,phase5a_outputs/current_17_compound_evidence_audit.csv
LEGACY17-13,Longifolene,identifier_conflict,unresolved,,,no_v1_mapping,quarantine,Current labels arose through a defective import path. A name/RT candidate cannot transfer Table S2 identity or confidence. Retain only as a quarantined historical application record until the local peak is rejoined to primary evidence.,false,phase5a_outputs/current_17_compound_evidence_audit.csv
LEGACY17-14,Methyl Salicylate,identifier_conflict,candidate_match,,,no_v1_mapping,quarantine,Current labels arose through a defective import path. A name/RT candidate cannot transfer Table S2 identity or confidence. Retain only as a quarantined historical application record until the local peak is rejoined to primary evidence.,false,phase5a_outputs/current_17_compound_evidence_audit.csv
LEGACY17-15,o-Cymene,identifier_conflict,candidate_match,,,no_v1_mapping,quarantine,Current labels arose through a defective import path. A name/RT candidate cannot transfer Table S2 identity or confidence. Retain only as a quarantined historical application record until the local peak is rejoined to primary evidence.,false,phase5a_outputs/current_17_compound_evidence_audit.csv
LEGACY17-16,α-Humulene,identifier_conflict,candidate_match,,,no_v1_mapping,quarantine,Current labels arose through a defective import path. A name/RT candidate cannot transfer Table S2 identity or confidence. Retain only as a quarantined historical application record until the local peak is rejoined to primary evidence.,false,phase5a_outputs/current_17_compound_evidence_audit.csv
LEGACY17-17,β-Selinene,identifier_conflict,unresolved,,,no_v1_mapping,quarantine,Current labels arose through a defective import path. A name/RT candidate cannot transfer Table S2 identity or confidence. Retain only as a quarantined historical application record until the local peak is rejoined to primary evidence.,false,phase5a_outputs/current_17_compound_evidence_audit.csv
