dataset,field,unsafe_reason,action,historical_preservation,proposed_replacement,publication_gate,v1_enforcement
VOCS,concentration_ppm,area-derived normalized proxy mislabeled ppm,quarantine,preserve original in immutable legacy snapshot; do not expose as measured fact,observation.measured_area + explicit transformation table,blocked,excluded_from_publication_facing_loaders_and_statistics
BIOASSAYS,entire table,generated from GC-MS occurrence rows; no behavioral assay,quarantine,preserve original in immutable legacy snapshot; do not expose as measured fact,no replacement until genuine assay evidence exists,blocked,excluded_from_publication_facing_loaders_and_statistics
BIOASSAYS,p_value,constant placeholder 0.05,prohibit,preserve original in immutable legacy snapshot; do not expose as measured fact,nullable only with documented statistical analysis,blocked,excluded_from_publication_facing_loaders_and_statistics
BIOASSAYS,effect_size,normalized peak area mislabeled biological effect,quarantine,preserve original in immutable legacy snapshot; do not expose as measured fact,normalized_area_proxy with transformation metadata,blocked,excluded_from_publication_facing_loaders_and_statistics
VOCS,bioactivity,global compound-level attractant/repellent assignment,quarantine,preserve original in immutable legacy snapshot; do not expose as measured fact,separate evidence-backed ecological_association table,blocked,excluded_from_publication_facing_loaders_and_statistics
VOCS,natural_enemy,lookup by insect; no VOC-specific recruitment evidence,quarantine,preserve original in immutable legacy snapshot; do not expose as measured fact,separate sourced taxon/ecology relation,blocked,excluded_from_publication_facing_loaders_and_statistics
VOCS,emission_source,hardcoded origin assignment,quarantine,preserve original in immutable legacy snapshot; do not expose as measured fact,source/material context with conflict status,blocked,excluded_from_publication_facing_loaders_and_statistics
VOCS,target,lookup-derived pest/natural-enemy target,quarantine,preserve original in immutable legacy snapshot; do not expose as measured fact,evidence-backed association only,blocked,excluded_from_publication_facing_loaders_and_statistics
VOCS,n_replicates,peak-row count represented as replicate count,deprecate,preserve original in immutable legacy snapshot; do not expose as measured fact,peak_row_count; biological/technical replicate counts nullable,blocked,excluded_from_publication_facing_loaders_and_statistics
VOCS,notes,behavioral and ecological prose generated from lookup,quarantine,preserve original in immutable legacy snapshot; do not expose as measured fact,source-cited interpretation layer,blocked,excluded_from_publication_facing_loaders_and_statistics
INSECTS,damage_type;host_range;geographic_range,manual lookup not tied to primary experiment,quarantine,preserve original in immutable legacy snapshot; do not expose as measured fact,independently sourced taxonomy/ecology table,blocked,excluded_from_publication_facing_loaders_and_statistics
