record_id,category,record,status,evidence,required_evidence,v1_handling
V1-UNR-001,historical_transition,76 samples × 84 features → published 63 observations × 81 Bio variables,partially_resolved,CAP precursor and publication dimensions are documented; exclusions/means/filtering/renumbering are not.,"contemporaneous final matrix, sample grouping and feature exclusion script",represent both stages and provenance gap; do not invent crosswalk
V1-UNR-002,chemical_identity,peak-level spectra/authentic-standard joins,unresolved,published confidence exists but underlying per-peak joins are unavailable,spectrum/standard records keyed to feature/sample,retain published confidence; no inferred structures
V1-UNR-003,sample_barcode,individual chromatogram ↔ COI/barcode,unresolved,context-level accessions only,individual sample key,individual_barcode_join_status=unavailable
V1-UNR-004,species_context,Alhada rose assignment,conflicted,historical Rhodobium label conflicts with published/accession Macrosiphum rosae,chain of custody or sample-level barcode,preserve conflict; no forced taxon merge
V1-UNR-005,sample_mass,exact weighed material,unresolved,mg headers and mass-division formulas exist,contemporaneous weighing protocol,store original token and unresolved material; not a published covariate
V1-UNR-006,normalization,mass-normalization propagation and unexplained divisors/scalers,unresolved,formulas demonstrate transformations but not complete downstream propagation,processing script/change log,transformation status remains provisional
V1-UNR-007,annotation_defect,A. gossypii lemon row/annotation alignment,strong_reconstruction,five vectors shifted; final filename is byte-identical,earlier contemporaneous corrected file,preserve defect; do not silently repair
V1-UNR-008,internal_standard_calibration,internal-standard identity and calibration,unresolved,not documented in supplied evidence,standard identity/calibration protocol,no ppm conversion
V1-UNR-009,legacy_runtime,17 legacy chemical labels,quarantined_or_manual_review,15 quarantine; 2 manual review; 0 supported,feature-level experimental joins,trace in legacy migration; exclude from publication-facing claims
V1-UNR-010,docking,legacy docking interpretation,out_of_scope,failed/limited validation retained,separate controlled docking phase after identity stabilization,read-only legacy warning; no binding claim
