context_id,common_sample_name,canonical_species,historical_species_label,species_aliases,genbank_accession,host_plant_and_part,plant_part,collection_locality,coordinates,collection_date,collection_environment,environment_evidence_status,evidence_source,historical_source_cells,provenance_status,conflict_status,conflict_notes,individual_barcode_join_status
CTX-V1-001,Pomegranate aphid,Aphis punicae,Aphis Punicea,Aphis Punicea,MZ091379,Leaves and stems of pomegranates,leaves and stems,Green house (Alhawia),"N21.428299, E40.473267",27-6-2021,greenhouse,explicit_published,"Supplementary Table S1, PDF page 3",raw!HI1;raw!HK1;raw!HM1;raw!HO1;raw!HQ1;raw!HS1;raw!HU1;raw!HW1;raw!HY1;raw!IA1,direct_documentary,false,,unavailable
CTX-V1-002,Cotton aphid,Aphis gossypii,Aphis Gossypii;Phis Gossypii,Aphis Gossypii;Phis Gossypii,MZ091376,Leaves of zucchini,leaves,Green house (Alhawia),"N21.428299, E40.473267",21-11-2020,greenhouse,explicit_published,"Supplementary Table S1, PDF page 3",raw!AL1;raw!AN1;raw!AP1;raw!AR1;raw!AT1;raw!AV1,direct_documentary,false,,unavailable
CTX-V1-003,Cotton aphid,Aphis gossypii,Aphis Gossypii;Phis Gossypii,Aphis Gossypii;Phis Gossypii,MZ091376,Leaves of vinca,leaves,Alhawia,"N21.428299, E40.473267",21-11-2020,unresolved,unresolved_not_inferred,"Supplementary Table S1, PDF page 3",raw!BQ1;raw!BS1;raw!BU1;raw!BW1,direct_documentary,false,,unavailable
CTX-V1-004,Cotton aphid,Aphis gossypii,Aphis Gossypii;Phis Gossypii,Aphis Gossypii;Phis Gossypii,MZ091376,Flower buds of hibiscus plant,flower buds,Alhawia,"N21.428299, E40.473267",21-11-2020,unresolved,unresolved_not_inferred,"Supplementary Table S1, PDF page 3",raw!BZ1;raw!CB1;raw!CD1;raw!CF1,direct_documentary,false,,unavailable
CTX-V1-005,Cotton aphid,Aphis gossypii,Aphis Gossypii;Phis Gossypii,Aphis Gossypii;Phis Gossypii,MZ091376,Leaves of lemon,leaves,Alkhalidiyah,"N21.278566, E40.383781",21-5-2021,unresolved,unresolved_not_inferred,"Supplementary Table S1, PDF page 3",raw!BC1;raw!BE1;raw!BG1,direct_documentary,false,,unavailable
CTX-V1-006,Cotton aphid,Aphis gossypii,Aphis Gossypii;Phis Gossypii,Aphis Gossypii;Phis Gossypii,MZ091376,mint,,Alkhalidiyah,"N21.278566, E40.383781",21-5-2021,unresolved,unresolved_not_inferred,"Supplementary Table S1, PDF page 3",raw!AI1;raw!BJ1;raw!BL1;raw!BN1,direct_documentary,false,,unavailable
CTX-V1-007,Cotton aphid,Aphis gossypii,Aphis Gossypii;Phis Gossypii,Aphis Gossypii;Phis Gossypii,MZ091376,fresh Feed,,Alkhalidiyah,"N21.278566, E40.383781",21-5-2021,unresolved,unresolved_not_inferred,"Supplementary Table S1, PDF page 3",raw!R1,direct_documentary,false,,unavailable
CTX-V1-008,Cowpea aphid,Aphis craccivora,Aphis Carcivora,Aphis Carcivora,MZ091375,Leaves of Alfalfa,leaves,Alhawia,"N21.428299, E40.473267",22-6-2021,unresolved,unresolved_not_inferred,"Supplementary Table S1, PDF page 3",raw!B1;raw!B2;raw!D1;raw!F1;raw!H1;raw!J1;raw!L1,direct_documentary,false,,unavailable
CTX-V1-009,Rose aphid,Rhodobium porosum,,,MZ091382,Leaves and stems of Taif rose,leaves and stems,Green house (Alhawia),"N21.428299, E40.473267",22-6-2021,greenhouse,explicit_published,"Supplementary Table S1, PDF page 3",,direct_documentary,false,,unavailable
CTX-V1-010,Rose aphid,Macrosiphum rosae,,,OL823183,Leaves and stems of Taif rose,leaves and stems,Alhada,"N21.3388736, E40.3242934",11-9-2021,unresolved,unresolved_not_inferred,"Supplementary Table S1, PDF page 3",,conflicted,true,Alhada rose remains Rhodobium in historical workbook labels but Macrosiphum rosae in accession/publication evidence; do not force assignment.,unavailable
CTX-V1-011,Grape aphid,Aphis illinoisensis,,,MZ091377,Leaves and stems of grape,leaves and stems,Alsir,"N21.204753, E40.591998",21-5-2021,unresolved,unresolved_not_inferred,"Supplementary Table S1, PDF page 3",,direct_documentary,false,,unavailable
CTX-V1-012,Oleander aphid,Aphis nerii,Aphis Nerii,Aphis Nerii,MZ091378,Flowers of oleander,flowers,Alhawia,"N21.428299, E40.473267",19-6-2021,unresolved,unresolved_not_inferred,"Supplementary Table S1, PDF page 3",raw!CP1;raw!CR1;raw!CT1,direct_documentary,false,,unavailable
CTX-V1-013,Woolly apple aphid,Eriosoma lanigerum,,,OL823181,Stems of green apple,stems,Alhada,"N21.3388736, E40.3242934",20-8-2021,unresolved,unresolved_not_inferred,"Supplementary Table S1, PDF page 3",raw!CW1;raw!CY1;raw!DA1;raw!DC1;raw!DE1;raw!DG1;raw!DI1;raw!DK1;raw!DM1;raw!DO1;raw!DR2;raw!DZ1;raw!EB1;raw!ED1;raw!EF1;raw!EH1;raw!EJ1,direct_documentary,false,,unavailable
CTX-V1-014,Radish Aphid,Lipaphis pseudobrassicae,Aphid Of White Raphanus,Aphid Of White Raphanus,MZ091380,Leaves of radish,leaves,Alhawia,"N21.428299, E40.473267",21-11-2020,unresolved,unresolved_not_inferred,"Supplementary Table S1, PDF page 3",,direct_documentary,false,,unavailable
CTX-V1-015,Green foxtail aphid,Hysteroneura setariae,Unidentified Aphid,Unidentified Aphid,OL823182,Flower of green foxtail,flower,Alsail,"N21.505436, E40.493076",11-7-2021,unresolved,unresolved_not_inferred,"Supplementary Table S1, PDF page 3",raw!GB1,direct_documentary,false,,unavailable
