chemical_id,canonical_name,published_annotation_basis,aliases,pubchem_cid,smiles,inchi,inchikey,formula,molecular_weight,chemical_class,identifier_source,structure_available,structural_validation_status,identity_evidence_level,publication_facing,experimental_peak_identity_status,notes,chemical_structure_validation_status,structure_resolution_class,identifier_verification_method,gcms_identification_confidence,source_bio_ids
CHEM-CAND-BIO1,2-Phenylpropan-1-amine,β-methyl-Benzeneethanamine ??,beta-Methylphenethylamine,11398,CC(CN)C1=CC=CC=C1,"InChI=1S/C9H13N/c1-8(7-10)9-5-3-2-4-6-9/h2-6,8H,7,10H2,1H3",AXORVIZLPOGIRG-UHFFFAOYSA-N,C9H13N,135.21,,"PubChem CID 11398, accessed 2026-10-03",true,internally_consistent_external_identifiers_match,published_tentative_lower_confidence,true,published_tentative_identification,Candidate molecular structure for the Table S2 name; not independent confirmation of GC-MS peak identity. constitutionally defined; stereochemistry unspecified.,validated,structure_resolvable,Manual name/synonym adjudication; authoritative record review; RDKit consistency validation; accessed 2026-10-03,??,Bio1
CHEM-CAND-BIO2,"1,1-Diacetoxyethane","1,1-Diacetoxyethane ?",,222536,CC(OC(=O)C)OC(=O)C,"InChI=1S/C6H10O4/c1-4(7)9-6(3)10-5(2)8/h6H,1-3H3",ACKALUBLCWJVNB-UHFFFAOYSA-N,C6H10O4,146.14,,"PubChem PUG REST, CID 222536, retrieved 2026-10-03",true,internally_consistent_external_identifiers_match,published_tentative_higher_confidence,true,published_tentative_identification,Candidate molecular structure for the chemical named by Table S2; not independent confirmation of GC-MS peak identity.,validated,structure_resolvable,PubChem name query; RDKit SMILES to formula/InChI/InChIKey; molecular-weight tolerance 0.06 Da,?,Bio2
CHEM-CAND-BIO3,2-Methyl-4-heptanone,2-Methyl-4-heptanone ?,,69378,CCCC(=O)CC(C)C,"InChI=1S/C8H16O/c1-4-5-8(9)6-7(2)3/h7H,4-6H2,1-3H3",AKRJXOYALOGLHQ-UHFFFAOYSA-N,C8H16O,128.21,,"PubChem PUG REST, CID 69378, retrieved 2026-10-03",true,internally_consistent_external_identifiers_match,published_tentative_higher_confidence,true,published_tentative_identification,Candidate molecular structure for the chemical named by Table S2; not independent confirmation of GC-MS peak identity.,validated,structure_resolvable,PubChem name query; RDKit SMILES to formula/InChI/InChIKey; molecular-weight tolerance 0.06 Da,?,Bio3
CHEM-CAND-BIO4,α-Thujene,α-Thujene ?,,17868,CC1=CCC2(C1C2)C(C)C,"InChI=1S/C10H16/c1-7(2)10-5-4-8(3)9(10)6-10/h4,7,9H,5-6H2,1-3H3",KQAZVFVOEIRWHN-UHFFFAOYSA-N,C10H16,136.23,,"PubChem PUG REST, CID 17868, retrieved 2026-10-03",true,internally_consistent_external_identifiers_match,published_tentative_higher_confidence,true,published_tentative_identification,Candidate molecular structure for the chemical named by Table S2; not independent confirmation of GC-MS peak identity.,validated,structure_resolvable,PubChem name query; RDKit SMILES to formula/InChI/InChIKey; molecular-weight tolerance 0.06 Da,?,Bio4
CHEM-CAND-BIO5,Cyclofenchene,Cyclofenchene ?,,79022,CC1(C2CC3C1C3(C2)C)C,"InChI=1S/C10H16/c1-9(2)6-4-7-8(9)10(7,3)5-6/h6-8H,4-5H2,1-3H3",NZXWDTCLMXDSHY-UHFFFAOYSA-N,C10H16,136.23,,"PubChem PUG REST, CID 79022, retrieved 2026-10-03",true,internally_consistent_external_identifiers_match,published_tentative_higher_confidence,true,published_tentative_identification,Candidate molecular structure for the chemical named by Table S2; not independent confirmation of GC-MS peak identity.,validated,structure_resolvable,PubChem name query; RDKit SMILES to formula/InChI/InChIKey; molecular-weight tolerance 0.06 Da,?,Bio5
CHEM-CAND-BIO8,Benzaldehyde,Benzaldehyde*,,240,C1=CC=C(C=C1)C=O,InChI=1S/C7H6O/c8-6-7-4-2-1-3-5-7/h1-6H,HUMNYLRZRPPJDN-UHFFFAOYSA-N,C7H6O,106.12,,"PubChem PUG REST, CID 240, retrieved 2026-10-03",true,internally_consistent_external_identifiers_match,published_authentic_standard_supported,true,published_authentic_standard_supported,Candidate molecular structure for the chemical named by Table S2; not independent confirmation of GC-MS peak identity.,validated,structure_resolvable,PubChem name query; RDKit SMILES to formula/InChI/InChIKey; molecular-weight tolerance 0.06 Da,*,Bio8
CHEM-CAND-BIO9,Mesitylene,Mesitylene*,,7947,CC1=CC(=CC(=C1)C)C,"InChI=1S/C9H12/c1-7-4-8(2)6-9(3)5-7/h4-6H,1-3H3",AUHZEENZYGFFBQ-UHFFFAOYSA-N,C9H12,120.19,,"PubChem PUG REST, CID 7947, retrieved 2026-10-03",true,internally_consistent_external_identifiers_match,published_authentic_standard_supported,true,published_authentic_standard_supported,Candidate molecular structure for the chemical named by Table S2; not independent confirmation of GC-MS peak identity.,validated,structure_resolvable,PubChem name query; RDKit SMILES to formula/InChI/InChIKey; molecular-weight tolerance 0.06 Da,*,Bio9
CHEM-CAND-BIO10,β-Thujene,β-Thujene ?,,520384,CC1C=CC2(C1C2)C(C)C,"InChI=1S/C10H16/c1-7(2)10-5-4-8(3)9(10)6-10/h4-5,7-9H,6H2,1-3H3",GJYKUZUTZNTBEC-UHFFFAOYSA-N,C10H16,136.23,,"PubChem PUG REST, CID 520384, retrieved 2026-10-03",true,internally_consistent_external_identifiers_match,published_tentative_higher_confidence,true,published_tentative_identification,Candidate molecular structure for the chemical named by Table S2; not independent confirmation of GC-MS peak identity.,validated,structure_resolvable,PubChem name query; RDKit SMILES to formula/InChI/InChIKey; molecular-weight tolerance 0.06 Da,?,Bio10
CHEM-CAND-BIO13,6-Methyl-5-hepten-2-one,6-Methyl-5-hepten-2-one ?,,9862,CC(=CCCC(=O)C)C,"InChI=1S/C8H14O/c1-7(2)5-4-6-8(3)9/h5H,4,6H2,1-3H3",UHEPJGULSIKKTP-UHFFFAOYSA-N,C8H14O,126.20,,"PubChem PUG REST, CID 9862, retrieved 2026-10-03",true,internally_consistent_external_identifiers_match,published_tentative_higher_confidence,true,published_tentative_identification,Candidate molecular structure for the chemical named by Table S2; not independent confirmation of GC-MS peak identity.,validated,structure_resolvable,PubChem name query; RDKit SMILES to formula/InChI/InChIKey; molecular-weight tolerance 0.06 Da,?,Bio13
CHEM-CAND-BIO15,Decane,Decane ?,,15600,CCCCCCCCCC,"InChI=1S/C10H22/c1-3-5-7-9-10-8-6-4-2/h3-10H2,1-2H3",DIOQZVSQGTUSAI-UHFFFAOYSA-N,C10H22,142.28,,"PubChem PUG REST, CID 15600, retrieved 2026-10-03",true,internally_consistent_external_identifiers_match,published_tentative_higher_confidence,true,published_tentative_identification,Candidate molecular structure for the chemical named by Table S2; not independent confirmation of GC-MS peak identity.,validated,structure_resolvable,PubChem name query; RDKit SMILES to formula/InChI/InChIKey; molecular-weight tolerance 0.06 Da,?,Bio15
CHEM-CAND-BIO17,2-Phenylpropanal,α-Methyl-benzeneacetaldehyde*,alpha-Methyl-Benzeneacetaldehyde,7146,CC(C=O)C1=CC=CC=C1,"InChI=1S/C9H10O/c1-8(7-10)9-5-3-2-4-6-9/h2-8H,1H3",IQVAERDLDAZARL-UHFFFAOYSA-N,C9H10O,134.17,,"PubChem CID 7146, accessed 2026-10-03",true,internally_consistent_external_identifiers_match,published_authentic_standard_supported,true,published_authentic_standard_supported,Candidate molecular structure for the Table S2 name; not independent confirmation of GC-MS peak identity. constitutionally defined; stereochemistry unspecified.,validated,structure_resolvable,Manual name/synonym adjudication; authoritative record review; RDKit consistency validation; accessed 2026-10-03,*,Bio17
CHEM-CAND-BIO19,O-Cymene,O-Cymene ?,,10703,CC1=CC=CC=C1C(C)C,"InChI=1S/C10H14/c1-8(2)10-7-5-4-6-9(10)3/h4-8H,1-3H3",WWRCMNKATXZARA-UHFFFAOYSA-N,C10H14,134.22,,"PubChem PUG REST, CID 10703, retrieved 2026-10-03",true,internally_consistent_external_identifiers_match,published_tentative_higher_confidence,true,published_tentative_identification,Candidate molecular structure for the chemical named by Table S2; not independent confirmation of GC-MS peak identity.,validated,structure_resolvable,PubChem name query; RDKit SMILES to formula/InChI/InChIKey; molecular-weight tolerance 0.06 Da,?,Bio19
CHEM-CAND-BIO20,D-Limonene,D-Limonene*,,440917,CC1=CC[C@@H](CC1)C(=C)C,"InChI=1S/C10H16/c1-8(2)10-6-4-9(3)5-7-10/h4,10H,1,5-7H2,2-3H3/t10-/m0/s1",XMGQYMWWDOXHJM-JTQLQIEISA-N,C10H16,136.23,,"PubChem PUG REST, CID 440917, retrieved 2026-10-03",true,internally_consistent_external_identifiers_match,published_authentic_standard_supported,true,published_authentic_standard_supported,Candidate molecular structure for the chemical named by Table S2; not independent confirmation of GC-MS peak identity.,validated,structure_resolvable,PubChem name query; RDKit SMILES to formula/InChI/InChIKey; molecular-weight tolerance 0.06 Da,*,Bio20
CHEM-CAND-BIO21,"Eucalyptol (1,8-cineole)","Eucalyptol (1,8-cineole) *",,2758,CC1(C2CCC(O1)(CC2)C)C,"InChI=1S/C10H18O/c1-9(2)8-4-6-10(3,11-9)7-5-8/h8H,4-7H2,1-3H3",WEEGYLXZBRQIMU-UHFFFAOYSA-N,C10H18O,154.25,,"PubChem PUG REST, CID 2758, retrieved 2026-10-03",true,internally_consistent_external_identifiers_match,published_authentic_standard_supported,true,published_authentic_standard_supported,Candidate molecular structure for the chemical named by Table S2; not independent confirmation of GC-MS peak identity.,validated,structure_resolvable,PubChem name query; RDKit SMILES to formula/InChI/InChIKey; molecular-weight tolerance 0.06 Da,*,Bio21
CHEM-CAND-BIO22,P-Cymene,P-Cymene ?,,7463,CC1=CC=C(C=C1)C(C)C,"InChI=1S/C10H14/c1-8(2)10-6-4-9(3)5-7-10/h4-8H,1-3H3",HFPZCAJZSCWRBC-UHFFFAOYSA-N,C10H14,134.22,,"PubChem PUG REST, CID 7463, retrieved 2026-10-03",true,internally_consistent_external_identifiers_match,published_tentative_higher_confidence,true,published_tentative_identification,Candidate molecular structure for the chemical named by Table S2; not independent confirmation of GC-MS peak identity.,validated,structure_resolvable,PubChem name query; RDKit SMILES to formula/InChI/InChIKey; molecular-weight tolerance 0.06 Da,?,Bio22
CHEM-CAND-BIO30,"4,5-Dimethylnonane","4,5-Dimethyl-nonane ??","4,5-Dimethyl-nonane",86541,CCCCC(C)C(C)CCC,"InChI=1S/C11H24/c1-5-7-9-11(4)10(3)8-6-2/h10-11H,5-9H2,1-4H3",JDNGDDOTBYZAGS-UHFFFAOYSA-N,C11H24,156.31,,"PubChem CID 86541, accessed 2026-10-03",true,internally_consistent_external_identifiers_match,published_tentative_lower_confidence,true,published_tentative_identification,Candidate molecular structure for the Table S2 name; not independent confirmation of GC-MS peak identity. constitutionally defined; stereochemistry unspecified.,validated,structure_resolvable,Manual name/synonym adjudication; authoritative record review; RDKit consistency validation; accessed 2026-10-03,??,Bio30
CHEM-CAND-BIO31,Nonanal,Nonanal*,,31289,CCCCCCCCC=O,"InChI=1S/C9H18O/c1-2-3-4-5-6-7-8-9-10/h9H,2-8H2,1H3",GYHFUZHODSMOHU-UHFFFAOYSA-N,C9H18O,142.24,,"PubChem PUG REST, CID 31289, retrieved 2026-10-03",true,internally_consistent_external_identifiers_match,published_authentic_standard_supported,true,published_authentic_standard_supported,Candidate molecular structure for the chemical named by Table S2; not independent confirmation of GC-MS peak identity.,validated,structure_resolvable,PubChem name query; RDKit SMILES to formula/InChI/InChIKey; molecular-weight tolerance 0.06 Da,*,Bio31
CHEM-CAND-BIO33,"1,3,8-P-Menthatriene","1,3,8-P-Menthatriene ?",,176983,CC1=CC=C(CC1)C(=C)C,"InChI=1S/C10H14/c1-8(2)10-6-4-9(3)5-7-10/h4,6H,1,5,7H2,2-3H3",XNMPFDIYAMOYRM-UHFFFAOYSA-N,C10H14,134.22,,"PubChem PUG REST, CID 176983, retrieved 2026-10-03",true,internally_consistent_external_identifiers_match,published_tentative_higher_confidence,true,published_tentative_identification,Candidate molecular structure for the chemical named by Table S2; not independent confirmation of GC-MS peak identity.,validated,structure_resolvable,PubChem name query; RDKit SMILES to formula/InChI/InChIKey; molecular-weight tolerance 0.06 Da,?,Bio33
CHEM-CAND-BIO36,L-menthone,L-menthone ?,,26447,C[C@@H]1CC[C@H](C(=O)C1)C(C)C,"InChI=1S/C10H18O/c1-7(2)9-5-4-8(3)6-10(9)11/h7-9H,4-6H2,1-3H3/t8-,9+/m1/s1",NFLGAXVYCFJBMK-BDAKNGLRSA-N,C10H18O,154.25,,"PubChem PUG REST, CID 26447, retrieved 2026-10-03",true,internally_consistent_external_identifiers_match,published_tentative_higher_confidence,true,published_tentative_identification,Candidate molecular structure for the chemical named by Table S2; not independent confirmation of GC-MS peak identity.,validated,structure_resolvable,PubChem name query; RDKit SMILES to formula/InChI/InChIKey; molecular-weight tolerance 0.06 Da,?,Bio36
CHEM-CAND-BIO37,D-menthone,D-menthone ?,,443159,C[C@H]1CC[C@@H](C(=O)C1)C(C)C,"InChI=1S/C10H18O/c1-7(2)9-5-4-8(3)6-10(9)11/h7-9H,4-6H2,1-3H3/t8-,9+/m0/s1",NFLGAXVYCFJBMK-DTWKUNHWSA-N,C10H18O,154.25,,"PubChem PUG REST, CID 443159, retrieved 2026-10-03",true,internally_consistent_external_identifiers_match,published_tentative_higher_confidence,true,published_tentative_identification,Candidate molecular structure for the chemical named by Table S2; not independent confirmation of GC-MS peak identity.,validated,structure_resolvable,PubChem name query; RDKit SMILES to formula/InChI/InChIKey; molecular-weight tolerance 0.06 Da,?,Bio37
CHEM-CAND-BIO38,Azulene,Azulene*,,9231,C1=CC=C2C=CC=C2C=C1,InChI=1S/C10H8/c1-2-5-9-7-4-8-10(9)6-3-1/h1-8H,CUFNKYGDVFVPHO-UHFFFAOYSA-N,C10H8,128.17,,"PubChem PUG REST, CID 9231, retrieved 2026-10-03",true,internally_consistent_external_identifiers_match,published_authentic_standard_supported,true,published_authentic_standard_supported,Candidate molecular structure for the chemical named by Table S2; not independent confirmation of GC-MS peak identity.,validated,structure_resolvable,PubChem name query; RDKit SMILES to formula/InChI/InChIKey; molecular-weight tolerance 0.06 Da,*,Bio38
CHEM-CAND-BIO39,Methyl salicylate,Methyl salicylate*,,4133,COC(=O)C1=CC=CC=C1O,"InChI=1S/C8H8O3/c1-11-8(10)6-4-2-3-5-7(6)9/h2-5,9H,1H3",OSWPMRLSEDHDFF-UHFFFAOYSA-N,C8H8O3,152.15,,"PubChem PUG REST, CID 4133, retrieved 2026-10-03",true,internally_consistent_external_identifiers_match,published_authentic_standard_supported,true,published_authentic_standard_supported,Candidate molecular structure for the chemical named by Table S2; not independent confirmation of GC-MS peak identity.,validated,structure_resolvable,PubChem name query; RDKit SMILES to formula/InChI/InChIKey; molecular-weight tolerance 0.06 Da,*,Bio39
CHEM-CAND-BIO40,Dodecane,Dodecane ??,,8182,CCCCCCCCCCCC,"InChI=1S/C12H26/c1-3-5-7-9-11-12-10-8-6-4-2/h3-12H2,1-2H3",SNRUBQQJIBEYMU-UHFFFAOYSA-N,C12H26,170.33,,"PubChem PUG REST, CID 8182, retrieved 2026-10-03",true,internally_consistent_external_identifiers_match,published_tentative_lower_confidence,true,published_tentative_identification,Candidate molecular structure for the chemical named by Table S2; not independent confirmation of GC-MS peak identity.,validated,structure_resolvable,PubChem name query; RDKit SMILES to formula/InChI/InChIKey; molecular-weight tolerance 0.06 Da,??,Bio40
CHEM-CAND-BIO41,Benzothiazole,Benzothiazole ??,,7222,C1=CC=C2C(=C1)N=CS2,InChI=1S/C7H5NS/c1-2-4-7-6(3-1)8-5-9-7/h1-5H,IOJUPLGTWVMSFF-UHFFFAOYSA-N,C7H5NS,135.19,,"PubChem PUG REST, CID 7222, retrieved 2026-10-03",true,internally_consistent_external_identifiers_match,published_tentative_lower_confidence,true,published_tentative_identification,Candidate molecular structure for the chemical named by Table S2; not independent confirmation of GC-MS peak identity.,validated,structure_resolvable,PubChem name query; RDKit SMILES to formula/InChI/InChIKey; molecular-weight tolerance 0.06 Da,??,Bio41
CHEM-CAND-BIO42,Caprolactam,Caprolactam*,,7768,C1CCC(=O)NCC1,"InChI=1S/C6H11NO/c8-6-4-2-1-3-5-7-6/h1-5H2,(H,7,8)",JBKVHLHDHHXQEQ-UHFFFAOYSA-N,C6H11NO,113.16,,"PubChem PUG REST, CID 7768, retrieved 2026-10-03",true,internally_consistent_external_identifiers_match,published_authentic_standard_supported,true,published_authentic_standard_supported,Candidate molecular structure for the chemical named by Table S2; not independent confirmation of GC-MS peak identity.,validated,structure_resolvable,PubChem name query; RDKit SMILES to formula/InChI/InChIKey; molecular-weight tolerance 0.06 Da,*,Bio42
CHEM-CAND-BIO43,1-Chloro-decane,1-Chloro-decane ?,,13848,CCCCCCCCCCCl,"InChI=1S/C10H21Cl/c1-2-3-4-5-6-7-8-9-10-11/h2-10H2,1H3",ZTEHOZMYMCEYRM-UHFFFAOYSA-N,C10H21Cl,176.72,,"PubChem PUG REST, CID 13848, retrieved 2026-10-03",true,internally_consistent_external_identifiers_match,published_tentative_higher_confidence,true,published_tentative_identification,Candidate molecular structure for the chemical named by Table S2; not independent confirmation of GC-MS peak identity.,validated,structure_resolvable,PubChem name query; RDKit SMILES to formula/InChI/InChIKey; molecular-weight tolerance 0.06 Da,?,Bio43
CHEM-CAND-BIO44,"4,6-Dimethyldodecane","4,6-Dimethyl-dodecane ?","4,6-Dimethyl-dodecane",545627,CCCCCCC(C)CC(C)CCC,"InChI=1S/C14H30/c1-5-7-8-9-11-14(4)12-13(3)10-6-2/h13-14H,5-12H2,1-4H3",FNUQJWPIADDMRS-UHFFFAOYSA-N,C14H30,198.39,,"PubChem CID 545627, accessed 2026-10-03",true,internally_consistent_external_identifiers_match,published_tentative_higher_confidence,true,published_tentative_identification,Candidate molecular structure for the Table S2 name; not independent confirmation of GC-MS peak identity. constitutionally defined; stereochemistry unspecified.,validated,structure_resolvable,Manual name/synonym adjudication; authoritative record review; RDKit consistency validation; accessed 2026-10-03,?,Bio44
CHEM-CAND-BIO45,Tridecane,Tridecane ??,,12388,CCCCCCCCCCCCC,"InChI=1S/C13H28/c1-3-5-7-9-11-13-12-10-8-6-4-2/h3-13H2,1-2H3",IIYFAKIEWZDVMP-UHFFFAOYSA-N,C13H28,184.36,,"PubChem PUG REST, CID 12388, retrieved 2026-10-03",true,internally_consistent_external_identifiers_match,published_tentative_lower_confidence,true,published_tentative_identification,Candidate molecular structure for the chemical named by Table S2; not independent confirmation of GC-MS peak identity.,validated,structure_resolvable,PubChem name query; RDKit SMILES to formula/InChI/InChIKey; molecular-weight tolerance 0.06 Da,??,Bio45
CHEM-CAND-BIO47,Pentadecane,Pentadecane*,,12391,CCCCCCCCCCCCCCC,"InChI=1S/C15H32/c1-3-5-7-9-11-13-15-14-12-10-8-6-4-2/h3-15H2,1-2H3",YCOZIPAWZNQLMR-UHFFFAOYSA-N,C15H32,212.41,,"PubChem PUG REST, CID 12391, retrieved 2026-10-03",true,internally_consistent_external_identifiers_match,published_authentic_standard_supported,true,published_authentic_standard_supported,Candidate molecular structure for the chemical named by Table S2; not independent confirmation of GC-MS peak identity.,validated,structure_resolvable,PubChem name query; RDKit SMILES to formula/InChI/InChIKey; molecular-weight tolerance 0.06 Da,*,Bio47
CHEM-CAND-BIO48,"4,7-Dimethylundecane","4,7-Dimethyl-undecane ??","4,7-Dimethyl-undecane",519389,CCCCC(C)CCC(C)CCC,"InChI=1S/C13H28/c1-5-7-9-13(4)11-10-12(3)8-6-2/h12-13H,5-11H2,1-4H3",IEVWHTVOIZEXCC-UHFFFAOYSA-N,C13H28,184.36,,"PubChem CID 519389, accessed 2026-10-03",true,internally_consistent_external_identifiers_match,published_tentative_lower_confidence,true,published_tentative_identification,Candidate molecular structure for the Table S2 name; not independent confirmation of GC-MS peak identity. constitutionally defined; stereochemistry unspecified.,validated,structure_resolvable,Manual name/synonym adjudication; authoritative record review; RDKit consistency validation; accessed 2026-10-03,??,Bio48
CHEM-CAND-BIO49,1-Tetradecanol,1-Tetradecanol ?,,8209,CCCCCCCCCCCCCCO,"InChI=1S/C14H30O/c1-2-3-4-5-6-7-8-9-10-11-12-13-14-15/h15H,2-14H2,1H3",HLZKNKRTKFSKGZ-UHFFFAOYSA-N,C14H30O,214.39,,"PubChem PUG REST, CID 8209, retrieved 2026-10-03",true,internally_consistent_external_identifiers_match,published_tentative_higher_confidence,true,published_tentative_identification,Candidate molecular structure for the chemical named by Table S2; not independent confirmation of GC-MS peak identity.,validated,structure_resolvable,PubChem name query; RDKit SMILES to formula/InChI/InChIKey; molecular-weight tolerance 0.06 Da,?,Bio49
CHEM-CAND-BIO50,Tetradecane,Tetradecane ??,,12389,CCCCCCCCCCCCCC,"InChI=1S/C14H30/c1-3-5-7-9-11-13-14-12-10-8-6-4-2/h3-14H2,1-2H3",BGHCVCJVXZWKCC-UHFFFAOYSA-N,C14H30,198.39,,"PubChem PUG REST, CID 12389, retrieved 2026-10-03",true,internally_consistent_external_identifiers_match,published_tentative_lower_confidence,true,published_tentative_identification,Candidate molecular structure for the chemical named by Table S2; not independent confirmation of GC-MS peak identity.,validated,structure_resolvable,PubChem name query; RDKit SMILES to formula/InChI/InChIKey; molecular-weight tolerance 0.06 Da,??,Bio50
CHEM-CAND-BIO51,trans-Raphasatin,trans-Raphasatin ?,,5368086,CS/C=C/CCN=C=S,"InChI=1S/C6H9NS2/c1-9-5-3-2-4-7-6-8/h3,5H,2,4H2,1H3/b5-3+",RYSPJKHYSHFYEB-HWKANZROSA-N,C6H9NS2,159.3,,"PubChem PUG REST, CID 5368086, retrieved 2026-10-03",true,internally_consistent_external_identifiers_match,published_tentative_higher_confidence,true,published_tentative_identification,Candidate molecular structure for the chemical named by Table S2; not independent confirmation of GC-MS peak identity.,validated,structure_resolvable,PubChem name query; RDKit SMILES to formula/InChI/InChIKey; molecular-weight tolerance 0.06 Da,?,Bio51
CHEM-CAND-BIO53,α-Guaiene,α-Guaiene ?,,5317844,C[C@H]1CC[C@H](CC2=C1CC[C@@H]2C)C(=C)C,"InChI=1S/C15H24/c1-10(2)13-7-5-11(3)14-8-6-12(4)15(14)9-13/h11-13H,1,5-9H2,2-4H3/t11-,12-,13+/m0/s1",ADIDQIZBYUABQK-RWMBFGLXSA-N,C15H24,204.35,,"PubChem PUG REST, CID 5317844, retrieved 2026-10-03",true,internally_consistent_external_identifiers_match,published_tentative_higher_confidence,true,published_tentative_identification,Candidate molecular structure for the chemical named by Table S2; not independent confirmation of GC-MS peak identity.,validated,structure_resolvable,PubChem name query; RDKit SMILES to formula/InChI/InChIKey; molecular-weight tolerance 0.06 Da,?,Bio53
CHEM-CAND-BIO54,(Z)-4-Isothiocyanato-1-methylsulfanylbut-1-ene,cis-Raphasatin ?,cis-Raphasatin,91699052,CS/C=C\CCN=C=S,"InChI=1S/C6H9NS2/c1-9-5-3-2-4-7-6-8/h3,5H,2,4H2,1H3/b5-3-",RYSPJKHYSHFYEB-HYXAFXHYSA-N,C6H9NS2,159.3,,"NIST Chemistry WebBook SRD 69; PubChem CID 91699052, accessed 2026-10-03",true,internally_consistent_external_identifiers_match,published_tentative_higher_confidence,true,published_tentative_identification,Candidate molecular structure for the Table S2 name; not independent confirmation of GC-MS peak identity. exact stereochemical entity (Z/cis).,validated,structure_resolvable,Manual name/synonym adjudication; authoritative record review; RDKit consistency validation; accessed 2026-10-03,?,Bio54
CHEM-CAND-BIO55,Humulene,Humulene ?,alpha-Humulene,5281520,C/C/1=C\CC(/C=C/C/C(=C/CC1)/C)(C)C,"InChI=1S/C15H24/c1-13-7-5-8-14(2)10-12-15(3,4)11-6-9-13/h6-7,10-11H,5,8-9,12H2,1-4H3/b11-6+,13-7+,14-10+",FAMPSKZZVDUYOS-HRGUGZIWSA-N,C15H24,204.35,,"PubChem CID 5281520; ChEBI CHEBI:5768, accessed 2026-10-03",true,internally_consistent_external_identifiers_match,published_tentative_higher_confidence,true,published_tentative_identification,Candidate molecular structure for the Table S2 name; not independent confirmation of GC-MS peak identity. exact stereochemical entity recorded for the unqualified authoritative name.,validated,structure_resolvable,Manual name/synonym adjudication; authoritative record review; RDKit consistency validation; accessed 2026-10-03,?,Bio55
CHEM-CAND-BIO56,(E)-β-Farnesene,(E)-β-Farnesene*,,5281517,CC(=CCC/C(=C/CCC(=C)C=C)/C)C,"InChI=1S/C15H24/c1-6-14(4)10-8-12-15(5)11-7-9-13(2)3/h6,9,12H,1,4,7-8,10-11H2,2-3,5H3/b15-12+",JSNRRGGBADWTMC-NTCAYCPXSA-N,C15H24,204.35,,"PubChem PUG REST, CID 5281517, retrieved 2026-10-03",true,internally_consistent_external_identifiers_match,published_authentic_standard_supported,true,published_authentic_standard_supported,Candidate molecular structure for the chemical named by Table S2; not independent confirmation of GC-MS peak identity.,validated,structure_resolvable,PubChem name query; RDKit SMILES to formula/InChI/InChIKey; molecular-weight tolerance 0.06 Da,*,Bio56
CHEM-CAND-BIO57,"2,6-Di-tert-butyl-p-benzoquinone","2,6-Di-tert-butyl-p-benzoquinone ?",,12867,CC(C)(C)C1=CC(=O)C=C(C1=O)C(C)(C)C,"InChI=1S/C14H20O2/c1-13(2,3)10-7-9(15)8-11(12(10)16)14(4,5)6/h7-8H,1-6H3",RDQSIADLBQFVMY-UHFFFAOYSA-N,C14H20O2,220.31,,"PubChem PUG REST, CID 12867, retrieved 2026-10-03",true,internally_consistent_external_identifiers_match,published_tentative_higher_confidence,true,published_tentative_identification,Candidate molecular structure for the chemical named by Table S2; not independent confirmation of GC-MS peak identity.,validated,structure_resolvable,PubChem name query; RDKit SMILES to formula/InChI/InChIKey; molecular-weight tolerance 0.06 Da,?,Bio57
CHEM-CAND-BIO59,β-Selinene,β-Selinene ?,,442393,CC(=C)[C@@H]1CC[C@]2(CCCC(=C)[C@@H]2C1)C,"InChI=1S/C15H24/c1-11(2)13-7-9-15(4)8-5-6-12(3)14(15)10-13/h13-14H,1,3,5-10H2,2,4H3/t13-,14+,15-/m1/s1",YOVSPTNQHMDJAG-QLFBSQMISA-N,C15H24,204.35,,"PubChem PUG REST, CID 442393, retrieved 2026-10-03",true,internally_consistent_external_identifiers_match,published_tentative_higher_confidence,true,published_tentative_identification,Candidate molecular structure for the chemical named by Table S2; not independent confirmation of GC-MS peak identity.,validated,structure_resolvable,PubChem name query; RDKit SMILES to formula/InChI/InChIKey; molecular-weight tolerance 0.06 Da,?,Bio59
CHEM-CAND-BIO60,"3,8-Dimethylundecane","3,8-Dimethyl-undecane ??","3,8-Dimethyl-undecane",86540,CCCC(C)CCCCC(C)CC,"InChI=1S/C13H28/c1-5-9-13(4)11-8-7-10-12(3)6-2/h12-13H,5-11H2,1-4H3",WOGVWUCXENBLIV-UHFFFAOYSA-N,C13H28,184.36,,"PubChem CID 86540, accessed 2026-10-03",true,internally_consistent_external_identifiers_match,published_tentative_lower_confidence,true,published_tentative_identification,Candidate molecular structure for the Table S2 name; not independent confirmation of GC-MS peak identity. constitutionally defined; stereochemistry unspecified.,validated,structure_resolvable,Manual name/synonym adjudication; authoritative record review; RDKit consistency validation; accessed 2026-10-03,??,Bio60
CHEM-CAND-BIO61,trans-α-Bergamotene,trans-α-Bergamotene ?,,6429302,CC1=CC[C@H]2C[C@@H]1[C@]2(C)CCC=C(C)C,"InChI=1S/C15H24/c1-11(2)6-5-9-15(4)13-8-7-12(3)14(15)10-13/h6-7,13-14H,5,8-10H2,1-4H3/t13-,14-,15+/m0/s1",YMBFCQPIMVLNIU-SOUVJXGZSA-N,C15H24,204.35,,"PubChem PUG REST, CID 6429302, retrieved 2026-10-03",true,internally_consistent_external_identifiers_match,published_tentative_higher_confidence,true,published_tentative_identification,Candidate molecular structure for the chemical named by Table S2; not independent confirmation of GC-MS peak identity.,validated,structure_resolvable,PubChem name query; RDKit SMILES to formula/InChI/InChIKey; molecular-weight tolerance 0.06 Da,?,Bio61
CHEM-CAND-BIO62,α-Bulnesene,α-Bulnesene ?,,94275,C[C@H]1CCC2=C(CC[C@H](C[C@@H]12)C(=C)C)C,"InChI=1S/C15H24/c1-10(2)13-7-5-11(3)14-8-6-12(4)15(14)9-13/h12-13,15H,1,5-9H2,2-4H3/t12-,13+,15-/m0/s1",YHAJBLWYOIUHHM-GUTXKFCHSA-N,C15H24,204.35,,"PubChem PUG REST, CID 94275, retrieved 2026-10-03",true,internally_consistent_external_identifiers_match,published_tentative_higher_confidence,true,published_tentative_identification,Candidate molecular structure for the chemical named by Table S2; not independent confirmation of GC-MS peak identity.,validated,structure_resolvable,PubChem name query; RDKit SMILES to formula/InChI/InChIKey; molecular-weight tolerance 0.06 Da,?,Bio62
CHEM-CAND-BIO63,Hexadecane,Hexadecane ?,,11006,CCCCCCCCCCCCCCCC,"InChI=1S/C16H34/c1-3-5-7-9-11-13-15-16-14-12-10-8-6-4-2/h3-16H2,1-2H3",DCAYPVUWAIABOU-UHFFFAOYSA-N,C16H34,226.44,,"PubChem PUG REST, CID 11006, retrieved 2026-10-03",true,internally_consistent_external_identifiers_match,published_tentative_higher_confidence,true,published_tentative_identification,Candidate molecular structure for the chemical named by Table S2; not independent confirmation of GC-MS peak identity.,validated,structure_resolvable,PubChem name query; RDKit SMILES to formula/InChI/InChIKey; molecular-weight tolerance 0.06 Da,?,Bio63
CHEM-CAND-BIO65,Nonadecane,Nonadecane ?,,12401,CCCCCCCCCCCCCCCCCCC,"InChI=1S/C19H40/c1-3-5-7-9-11-13-15-17-19-18-16-14-12-10-8-6-4-2/h3-19H2,1-2H3",LQERIDTXQFOHKA-UHFFFAOYSA-N,C19H40,268.5,,"PubChem PUG REST, CID 12401, retrieved 2026-10-03",true,internally_consistent_external_identifiers_match,published_tentative_higher_confidence,true,published_tentative_identification,Candidate molecular structure for the chemical named by Table S2; not independent confirmation of GC-MS peak identity.,validated,structure_resolvable,PubChem name query; RDKit SMILES to formula/InChI/InChIKey; molecular-weight tolerance 0.06 Da,?,Bio65
CHEM-CAND-BIO66,"2,2,4-Trimethylpentane-1,3-diyl bis(2-methylpropanoate) (TXIB)","2,2,4-Trimethylpentane-1,3-diyl bis(2-methylpropanoate) (TXIB)??",,23284,CC(C)C(C(C)(C)COC(=O)C(C)C)OC(=O)C(C)C,"InChI=1S/C16H30O4/c1-10(2)13(20-15(18)12(5)6)16(7,8)9-19-14(17)11(3)4/h10-13H,9H2,1-8H3",OMVSWZDEEGIJJI-UHFFFAOYSA-N,C16H30O4,286.41,,"PubChem PUG REST, CID 23284, retrieved 2026-10-03",true,internally_consistent_external_identifiers_match,published_tentative_lower_confidence,true,published_tentative_identification,Candidate molecular structure for the chemical named by Table S2; not independent confirmation of GC-MS peak identity.,validated,structure_resolvable,PubChem name query; RDKit SMILES to formula/InChI/InChIKey; molecular-weight tolerance 0.06 Da,??,Bio66
CHEM-CAND-BIO68,"2,6,10,15-Tetramethylheptadecane","2,6,10,15-Tetramethylheptadecane ??","2,6,10,15-Tetramethylheptadecane",41209,CCC(C)CCCCC(C)CCCC(C)CCCC(C)C,"InChI=1S/C21H44/c1-7-19(4)13-8-9-14-20(5)16-11-17-21(6)15-10-12-18(2)3/h18-21H,7-17H2,1-6H3",ZZEQNXPBKOFTBG-UHFFFAOYSA-N,C21H44,296.6,,"PubChem CID 41209, accessed 2026-10-03",true,internally_consistent_external_identifiers_match,published_tentative_lower_confidence,true,published_tentative_identification,Candidate molecular structure for the Table S2 name; not independent confirmation of GC-MS peak identity. constitutionally defined; stereochemistry unspecified.,validated,structure_resolvable,Manual name/synonym adjudication; authoritative record review; RDKit consistency validation; accessed 2026-10-03,??,Bio68
CHEM-CAND-BIO71,Heptacosane,Heptacosane ?,,11636,CCCCCCCCCCCCCCCCCCCCCCCCCCC,"InChI=1S/C27H56/c1-3-5-7-9-11-13-15-17-19-21-23-25-27-26-24-22-20-18-16-14-12-10-8-6-4-2/h3-27H2,1-2H3",BJQWYEJQWHSSCJ-UHFFFAOYSA-N,C27H56,380.7,,"PubChem PUG REST, CID 11636, retrieved 2026-10-03",true,internally_consistent_external_identifiers_match,published_tentative_higher_confidence,true,published_tentative_identification,Candidate molecular structure for the chemical named by Table S2; not independent confirmation of GC-MS peak identity.,validated,structure_resolvable,PubChem name query; RDKit SMILES to formula/InChI/InChIKey; molecular-weight tolerance 0.06 Da,?,Bio71
CHEM-CAND-BIO72,Tetracosane,Tetracosane ?,,12592,CCCCCCCCCCCCCCCCCCCCCCCC,"InChI=1S/C24H50/c1-3-5-7-9-11-13-15-17-19-21-23-24-22-20-18-16-14-12-10-8-6-4-2/h3-24H2,1-2H3",POOSGDOYLQNASK-UHFFFAOYSA-N,C24H50,338.7,,"PubChem PUG REST, CID 12592, retrieved 2026-10-03",true,internally_consistent_external_identifiers_match,published_tentative_higher_confidence,true,published_tentative_identification,Candidate molecular structure for the chemical named by Table S2; not independent confirmation of GC-MS peak identity.,validated,structure_resolvable,PubChem name query; RDKit SMILES to formula/InChI/InChIKey; molecular-weight tolerance 0.06 Da,?,Bio72
CHEM-CAND-BIO73,E-9-Eicosene,E-9-Eicosene ?,,5365037,CCCCCCCCCC/C=C/CCCCCCCC,"InChI=1S/C20H40/c1-3-5-7-9-11-13-15-17-19-20-18-16-14-12-10-8-6-4-2/h17,19H,3-16,18,20H2,1-2H3/b19-17+",UVLKUUBSZXVVDZ-HTXNQAPBSA-N,C20H40,280.5,,"PubChem PUG REST, CID 5365037, retrieved 2026-10-03",true,internally_consistent_external_identifiers_match,published_tentative_higher_confidence,true,published_tentative_identification,Candidate molecular structure for the chemical named by Table S2; not independent confirmation of GC-MS peak identity.,validated,structure_resolvable,PubChem name query; RDKit SMILES to formula/InChI/InChIKey; molecular-weight tolerance 0.06 Da,?,Bio73
CHEM-CAND-BIO74,Docosane,Docosane ??,,12405,CCCCCCCCCCCCCCCCCCCCCC,"InChI=1S/C22H46/c1-3-5-7-9-11-13-15-17-19-21-22-20-18-16-14-12-10-8-6-4-2/h3-22H2,1-2H3",HOWGUJZVBDQJKV-UHFFFAOYSA-N,C22H46,310.6,,"PubChem PUG REST, CID 12405, retrieved 2026-10-03",true,internally_consistent_external_identifiers_match,published_tentative_lower_confidence,true,published_tentative_identification,Candidate molecular structure for the chemical named by Table S2; not independent confirmation of GC-MS peak identity.,validated,structure_resolvable,PubChem name query; RDKit SMILES to formula/InChI/InChIKey; molecular-weight tolerance 0.06 Da,??,Bio74
CHEM-CAND-BIO75,Octacosane,Octacosane ??,,12408,CCCCCCCCCCCCCCCCCCCCCCCCCCCC,"InChI=1S/C28H58/c1-3-5-7-9-11-13-15-17-19-21-23-25-27-28-26-24-22-20-18-16-14-12-10-8-6-4-2/h3-28H2,1-2H3",ZYURHZPYMFLWSH-UHFFFAOYSA-N,C28H58,394.8,,"PubChem PUG REST, CID 12408, retrieved 2026-10-03",true,internally_consistent_external_identifiers_match,published_tentative_lower_confidence,true,published_tentative_identification,Candidate molecular structure for the chemical named by Table S2; not independent confirmation of GC-MS peak identity.,validated,structure_resolvable,PubChem name query; RDKit SMILES to formula/InChI/InChIKey; molecular-weight tolerance 0.06 Da,??,Bio75
CHEM-CAND-BIO77,Methyl pentacosanoate,Methyl pentacosanoate ??,,41431,CCCCCCCCCCCCCCCCCCCCCCCCC(=O)OC,"InChI=1S/C26H52O2/c1-3-4-5-6-7-8-9-10-11-12-13-14-15-16-17-18-19-20-21-22-23-24-25-26(27)28-2/h3-25H2,1-2H3",WOPKHAQDUMDJIY-UHFFFAOYSA-N,C26H52O2,396.7,,"PubChem PUG REST, CID 41431, retrieved 2026-10-03",true,internally_consistent_external_identifiers_match,published_tentative_lower_confidence,true,published_tentative_identification,Candidate molecular structure for the chemical named by Table S2; not independent confirmation of GC-MS peak identity.,validated,structure_resolvable,PubChem name query; RDKit SMILES to formula/InChI/InChIKey; molecular-weight tolerance 0.06 Da,??,Bio77
CHEM-CAND-BIO78,Methyl hexadecanoate,Methyl hexadecanoate ??,,8181,CCCCCCCCCCCCCCCC(=O)OC,"InChI=1S/C17H34O2/c1-3-4-5-6-7-8-9-10-11-12-13-14-15-16-17(18)19-2/h3-16H2,1-2H3",FLIACVVOZYBSBS-UHFFFAOYSA-N,C17H34O2,270.5,,"PubChem PUG REST, CID 8181, retrieved 2026-10-03",true,internally_consistent_external_identifiers_match,published_tentative_lower_confidence,true,published_tentative_identification,Candidate molecular structure for the chemical named by Table S2; not independent confirmation of GC-MS peak identity.,validated,structure_resolvable,PubChem name query; RDKit SMILES to formula/InChI/InChIKey; molecular-weight tolerance 0.06 Da,??,Bio78
CHEM-CAND-BIO80,Tetratetracontane,Tetratetracontane ?,,23494,CCCCCCCCCCCCCCCCCCCCCCCCCCCCCCCCCCCCCCCCCCCC,"InChI=1S/C44H90/c1-3-5-7-9-11-13-15-17-19-21-23-25-27-29-31-33-35-37-39-41-43-44-42-40-38-36-34-32-30-28-26-24-22-20-18-16-14-12-10-8-6-4-2/h3-44H2,1-2H3",KMXFZRSJMDYPPG-UHFFFAOYSA-N,C44H90,619.2,,"PubChem PUG REST, CID 23494, retrieved 2026-10-03",true,internally_consistent_external_identifiers_match,published_tentative_higher_confidence,true,published_tentative_identification,Candidate molecular structure for the chemical named by Table S2; not independent confirmation of GC-MS peak identity.,validated,structure_resolvable,PubChem name query; RDKit SMILES to formula/InChI/InChIKey; molecular-weight tolerance 0.06 Da,?,Bio80
CHEM-CAND-BIO81,Isopropyl palmitate,Isopropyl palmitate ?,,8907,CCCCCCCCCCCCCCCC(=O)OC(C)C,"InChI=1S/C19H38O2/c1-4-5-6-7-8-9-10-11-12-13-14-15-16-17-19(20)21-18(2)3/h18H,4-17H2,1-3H3",XUGNVMKQXJXZCD-UHFFFAOYSA-N,C19H38O2,298.5,,"PubChem PUG REST, CID 8907, retrieved 2026-10-03",true,internally_consistent_external_identifiers_match,published_tentative_higher_confidence,true,published_tentative_identification,Candidate molecular structure for the chemical named by Table S2; not independent confirmation of GC-MS peak identity.,validated,structure_resolvable,PubChem name query; RDKit SMILES to formula/InChI/InChIKey; molecular-weight tolerance 0.06 Da,?,Bio81
CHEM-CAND-BIO18,Bnz-18,Bnz-18 ??,,,,,,,,,published annotation only; no external identifier joined,false,not_available,published_tentative_lower_confidence,true,published_tentative_lower_confidence,Chemical interpretation of a GC-MS feature; no structure is inferred from the name.,,,,,
CHEM-CAND-BIO52,Caryophylene,Caryophylene ?,,,,,,,,,published annotation only; no external identifier joined,false,not_available,published_tentative_higher_confidence,true,published_tentative_higher_confidence,Chemical interpretation of a GC-MS feature; no structure is inferred from the name.,,,,,
CHEM-CAND-BIO32,Bnz -32,Bnz -32 ??,,,,,,,,,published annotation only; no external identifier joined,false,not_available,published_tentative_lower_confidence,true,published_tentative_lower_confidence,Chemical interpretation of a GC-MS feature; no structure is inferred from the name.,,,,,
CHEM-CAND-BIO29,Bnz -29,Bnz -29 ??,,,,,,,,,published annotation only; no external identifier joined,false,not_available,published_tentative_lower_confidence,true,published_tentative_lower_confidence,Chemical interpretation of a GC-MS feature; no structure is inferred from the name.,,,,,
CHEM-CAND-BIO67,8-Heptadecene,8-Heptadecene ?,,,,,,,,,published annotation only; no external identifier joined,false,not_available,published_tentative_higher_confidence,true,published_tentative_higher_confidence,Chemical interpretation of a GC-MS feature; no structure is inferred from the name.,,,,,
CHEM-CAND-BIO23,Bnz -23,Bnz -23 ??,,,,,,,,,published annotation only; no external identifier joined,false,not_available,published_tentative_lower_confidence,true,published_tentative_lower_confidence,Chemical interpretation of a GC-MS feature; no structure is inferred from the name.,,,,,
CHEM-CAND-BIO27,Bnz -27,Bnz -27 ??,,,,,,,,,published annotation only; no external identifier joined,false,not_available,published_tentative_lower_confidence,true,published_tentative_lower_confidence,Chemical interpretation of a GC-MS feature; no structure is inferred from the name.,,,,,
CHEM-CAND-BIO28,Bnz -28,Bnz -28 ??,,,,,,,,,published annotation only; no external identifier joined,false,not_available,published_tentative_lower_confidence,true,published_tentative_lower_confidence,Chemical interpretation of a GC-MS feature; no structure is inferred from the name.,,,,,
CHEM-CAND-BIO6,Bnz -6,Bnz -6 ??,,,,,,,,,published annotation only; no external identifier joined,false,not_available,published_tentative_lower_confidence,true,published_tentative_lower_confidence,Chemical interpretation of a GC-MS feature; no structure is inferred from the name.,,,,,
CHEM-CAND-BIO7,Bnz -7,Bnz -7 ??,,,,,,,,,published annotation only; no external identifier joined,false,not_available,published_tentative_lower_confidence,true,published_tentative_lower_confidence,Chemical interpretation of a GC-MS feature; no structure is inferred from the name.,,,,,
CHEM-CAND-BIO24,Bnz -24,Bnz -24 ??,,,,,,,,,published annotation only; no external identifier joined,false,not_available,published_tentative_lower_confidence,true,published_tentative_lower_confidence,Chemical interpretation of a GC-MS feature; no structure is inferred from the name.,,,,,
CHEM-CAND-BIO14,Bnz -14,Bnz -14 ??,,,,,,,,,published annotation only; no external identifier joined,false,not_available,published_tentative_lower_confidence,true,published_tentative_lower_confidence,Chemical interpretation of a GC-MS feature; no structure is inferred from the name.,,,,,
CHEM-CAND-BIO16,Bnz-16,Bnz-16 ??,,,,,,,,,published annotation only; no external identifier joined,false,not_available,published_tentative_lower_confidence,true,published_tentative_lower_confidence,Chemical interpretation of a GC-MS feature; no structure is inferred from the name.,,,,,
CHEM-CAND-BIO26,Bnz -26,Bnz -26 ??,,,,,,,,,published annotation only; no external identifier joined,false,not_available,published_tentative_lower_confidence,true,published_tentative_lower_confidence,Chemical interpretation of a GC-MS feature; no structure is inferred from the name.,,,,,
CHEM-CAND-BIO11,Bnz -11,Bnz -11 ??,,,,,,,,,published annotation only; no external identifier joined,false,not_available,published_tentative_lower_confidence,true,published_tentative_lower_confidence,Chemical interpretation of a GC-MS feature; no structure is inferred from the name.,,,,,
CHEM-LEGACY-REVIEW-01,Benzaldehyde,,,240,O=Cc1ccccc1,InChI=1S/C7H6O/c8-6-7-4-2-1-3-5-7/h1-6H,HUMNYLRZRPPJDN-UHFFFAOYSA-N,C7H6O,106.124,,legacy runtime identifiers; RDKit consistency rerun,true,internally_consistent_not_identity_verified,legacy_manual_review,false,not_peak_verified,Valid chemical representation retained for review; not mapped to a published feature or chromatographic peak.,,,,,
CHEM-LEGACY-REVIEW-02,Caprolactam,,,1018,O=C1CCCCCN1,"InChI=1S/C6H11NO/c8-6-4-2-1-3-5-7-6/h1-5H2,(H,7,8)",JBKVHLHDHHXQEQ-UHFFFAOYSA-N,C6H11NO,113.160,,legacy runtime identifiers; RDKit consistency rerun,true,internally_consistent_not_identity_verified,legacy_manual_review,false,not_peak_verified,Valid chemical representation retained for review; not mapped to a published feature or chromatographic peak.,,,,,
