table,field,data_type,nullable,definition,evidence_rule,publication_facing_rule
v1_published_features,feature_id,string_or_nullable_numeric,yes,Feature id.,source-backed or explicitly unresolved,allowed only when table/record publication_facing and evidence status permit
v1_published_features,bio_id,string_or_nullable_numeric,no,Published Bio variable ordinal; not a biological replicate identifier.,source-backed or explicitly unresolved,allowed only when table/record publication_facing and evidence status permit
v1_published_features,published_rt_exact,string_or_nullable_numeric,yes,Published rt exact.,source-backed or explicitly unresolved,allowed only when table/record publication_facing and evidence status permit
v1_published_features,published_rt_decimal_candidate,string_or_nullable_numeric,yes,Published rt decimal candidate.,source-backed or explicitly unresolved,allowed only when table/record publication_facing and evidence status permit
v1_published_features,published_annotation_exact,string_or_nullable_numeric,yes,Immutable annotation exactly as transcribed from Table S2.,source-backed or explicitly unresolved,allowed only when table/record publication_facing and evidence status permit
v1_published_features,confidence_symbol,string_or_nullable_numeric,yes,Immutable published identification-confidence symbol.,source-backed or explicitly unresolved,allowed only when table/record publication_facing and evidence status permit
v1_published_features,confidence_interpretation,string_or_nullable_numeric,yes,Confidence interpretation.,source-backed or explicitly unresolved,allowed only when table/record publication_facing and evidence status permit
v1_published_features,published_identification_status,string_or_nullable_numeric,yes,Published identification status.,source-backed or explicitly unresolved,allowed only when table/record publication_facing and evidence status permit
v1_published_features,published_presence_count,integer,yes,Published presence count.,source-backed or explicitly unresolved,allowed only when table/record publication_facing and evidence status permit
v1_published_features,published_contexts_present_exact,string_or_nullable_numeric,yes,Published contexts present exact.,source-backed or explicitly unresolved,allowed only when table/record publication_facing and evidence status permit
v1_published_features,published_contexts_absent_exact,string_or_nullable_numeric,yes,Published contexts absent exact.,source-backed or explicitly unresolved,allowed only when table/record publication_facing and evidence status permit
v1_published_features,source_publication,string_or_nullable_numeric,yes,Source publication.,source-backed or explicitly unresolved,allowed only when table/record publication_facing and evidence status permit
v1_published_features,source_table,string_or_nullable_numeric,yes,Source table.,source-backed or explicitly unresolved,allowed only when table/record publication_facing and evidence status permit
v1_published_features,source_pages,string_or_nullable_numeric,yes,Source pages.,source-backed or explicitly unresolved,allowed only when table/record publication_facing and evidence status permit
v1_published_features,evidence_status,string_or_nullable_numeric,yes,Evidence status.,source-backed or explicitly unresolved,allowed only when table/record publication_facing and evidence status permit
v1_published_features,immutable_published_fields,string_or_nullable_numeric,yes,Immutable published fields.,source-backed or explicitly unresolved,allowed only when table/record publication_facing and evidence status permit
v1_published_features,historical_annotation_candidate,string_or_nullable_numeric,yes,Historical annotation candidate.,source-backed or explicitly unresolved,allowed only when table/record publication_facing and evidence status permit
v1_published_features,historical_rt_candidate,string_or_nullable_numeric,yes,Historical rt candidate.,source-backed or explicitly unresolved,allowed only when table/record publication_facing and evidence status permit
v1_published_features,historical_rt_range,string_or_nullable_numeric,yes,Historical rt range.,source-backed or explicitly unresolved,allowed only when table/record publication_facing and evidence status permit
v1_published_features,historical_source_location,string_or_nullable_numeric,yes,Historical source location.,source-backed or explicitly unresolved,allowed only when table/record publication_facing and evidence status permit
v1_published_features,mapping_confidence,string_or_nullable_numeric,yes,Mapping confidence.,source-backed or explicitly unresolved,allowed only when table/record publication_facing and evidence status permit
v1_published_features,mapping_conflict,string_or_nullable_numeric,yes,Mapping conflict.,source-backed or explicitly unresolved,allowed only when table/record publication_facing and evidence status permit
v1_published_features,conflict_notes,string_or_nullable_numeric,yes,Conflict notes.,source-backed or explicitly unresolved,allowed only when table/record publication_facing and evidence status permit
v1_published_features,provenance_gap_status,string_or_nullable_numeric,yes,Provenance gap status.,source-backed or explicitly unresolved,allowed only when table/record publication_facing and evidence status permit
v1_chemical_entities,chemical_id,string_or_nullable_numeric,yes,Chemical id.,source-backed or explicitly unresolved,allowed only when table/record publication_facing and evidence status permit
v1_chemical_entities,canonical_name,string_or_nullable_numeric,yes,Canonical name.,source-backed or explicitly unresolved,allowed only when table/record publication_facing and evidence status permit
v1_chemical_entities,published_annotation_basis,string_or_nullable_numeric,yes,Published annotation basis.,source-backed or explicitly unresolved,allowed only when table/record publication_facing and evidence status permit
v1_chemical_entities,aliases,string_or_nullable_numeric,yes,Aliases.,source-backed or explicitly unresolved,allowed only when table/record publication_facing and evidence status permit
v1_chemical_entities,pubchem_cid,string_or_nullable_numeric,yes,Pubchem cid.,source-backed or explicitly unresolved,allowed only when table/record publication_facing and evidence status permit
v1_chemical_entities,smiles,string_or_nullable_numeric,yes,Smiles.,source-backed or explicitly unresolved,allowed only when table/record publication_facing and evidence status permit
v1_chemical_entities,inchi,string_or_nullable_numeric,yes,Inchi.,source-backed or explicitly unresolved,allowed only when table/record publication_facing and evidence status permit
v1_chemical_entities,inchikey,string_or_nullable_numeric,yes,Inchikey.,source-backed or explicitly unresolved,allowed only when table/record publication_facing and evidence status permit
v1_chemical_entities,formula,string_or_nullable_numeric,yes,Formula.,source-backed or explicitly unresolved,allowed only when table/record publication_facing and evidence status permit
v1_chemical_entities,molecular_weight,string_or_nullable_numeric,yes,Molecular weight.,source-backed or explicitly unresolved,allowed only when table/record publication_facing and evidence status permit
v1_chemical_entities,chemical_class,string_or_nullable_numeric,yes,Chemical class.,source-backed or explicitly unresolved,allowed only when table/record publication_facing and evidence status permit
v1_chemical_entities,identifier_source,string_or_nullable_numeric,yes,Identifier source.,source-backed or explicitly unresolved,allowed only when table/record publication_facing and evidence status permit
v1_chemical_entities,structure_available,string_or_nullable_numeric,yes,Whether a parseable structural representation is stored.,source-backed or explicitly unresolved,allowed only when table/record publication_facing and evidence status permit
v1_chemical_entities,structural_validation_status,string_or_nullable_numeric,yes,Structural validation status.,source-backed or explicitly unresolved,allowed only when table/record publication_facing and evidence status permit
v1_chemical_entities,identity_evidence_level,string_or_nullable_numeric,yes,Identity evidence level.,source-backed or explicitly unresolved,allowed only when table/record publication_facing and evidence status permit
v1_chemical_entities,publication_facing,string_or_nullable_numeric,yes,Whether the record may appear in publication-facing V1 views.,source-backed or explicitly unresolved,allowed only when table/record publication_facing and evidence status permit
v1_chemical_entities,experimental_peak_identity_status,string_or_nullable_numeric,yes,Experimental peak identity status.,source-backed or explicitly unresolved,allowed only when table/record publication_facing and evidence status permit
v1_chemical_entities,notes,string_or_nullable_numeric,yes,Notes.,source-backed or explicitly unresolved,allowed only when table/record publication_facing and evidence status permit
v1_biological_contexts,context_id,string_or_nullable_numeric,yes,Context id.,source-backed or explicitly unresolved,allowed only when table/record publication_facing and evidence status permit
v1_biological_contexts,common_sample_name,string_or_nullable_numeric,yes,Common sample name.,source-backed or explicitly unresolved,allowed only when table/record publication_facing and evidence status permit
v1_biological_contexts,canonical_species,string_or_nullable_numeric,yes,Canonical species.,source-backed or explicitly unresolved,allowed only when table/record publication_facing and evidence status permit
v1_biological_contexts,historical_species_label,string_or_nullable_numeric,yes,Historical species label.,source-backed or explicitly unresolved,allowed only when table/record publication_facing and evidence status permit
v1_biological_contexts,species_aliases,string_or_nullable_numeric,yes,Species aliases.,source-backed or explicitly unresolved,allowed only when table/record publication_facing and evidence status permit
v1_biological_contexts,genbank_accession,string_or_nullable_numeric,yes,Genbank accession.,source-backed or explicitly unresolved,allowed only when table/record publication_facing and evidence status permit
v1_biological_contexts,host_plant_and_part,string_or_nullable_numeric,yes,Host plant and part.,source-backed or explicitly unresolved,allowed only when table/record publication_facing and evidence status permit
v1_biological_contexts,plant_part,string_or_nullable_numeric,yes,Plant part.,source-backed or explicitly unresolved,allowed only when table/record publication_facing and evidence status permit
v1_biological_contexts,collection_locality,string_or_nullable_numeric,yes,Collection locality.,source-backed or explicitly unresolved,allowed only when table/record publication_facing and evidence status permit
v1_biological_contexts,coordinates,string_or_nullable_numeric,yes,Coordinates.,source-backed or explicitly unresolved,allowed only when table/record publication_facing and evidence status permit
v1_biological_contexts,collection_date,string_or_nullable_numeric,yes,Collection date.,source-backed or explicitly unresolved,allowed only when table/record publication_facing and evidence status permit
v1_biological_contexts,collection_environment,string_or_nullable_numeric,yes,"greenhouse, field or unresolved; assigned only from documentary evidence.",source-backed or explicitly unresolved,allowed only when table/record publication_facing and evidence status permit
v1_biological_contexts,environment_evidence_status,string_or_nullable_numeric,yes,Environment evidence status.,source-backed or explicitly unresolved,allowed only when table/record publication_facing and evidence status permit
v1_biological_contexts,evidence_source,string_or_nullable_numeric,yes,Evidence source.,source-backed or explicitly unresolved,allowed only when table/record publication_facing and evidence status permit
v1_biological_contexts,historical_source_cells,string_or_nullable_numeric,yes,Historical source cells.,source-backed or explicitly unresolved,allowed only when table/record publication_facing and evidence status permit
v1_biological_contexts,provenance_status,string_or_nullable_numeric,yes,Provenance status.,source-backed or explicitly unresolved,allowed only when table/record publication_facing and evidence status permit
v1_biological_contexts,conflict_status,string_or_nullable_numeric,yes,Explicit conflict/unresolved marker; never resolved by display logic.,source-backed or explicitly unresolved,allowed only when table/record publication_facing and evidence status permit
v1_biological_contexts,conflict_notes,string_or_nullable_numeric,yes,Conflict notes.,source-backed or explicitly unresolved,allowed only when table/record publication_facing and evidence status permit
v1_biological_contexts,individual_barcode_join_status,string_or_nullable_numeric,yes,Individual barcode join status.,source-backed or explicitly unresolved,allowed only when table/record publication_facing and evidence status permit
v1_observations,observation_id,string_or_nullable_numeric,no,Observation id.,source-backed or explicitly unresolved,allowed only when table/record publication_facing and evidence status permit
v1_observations,observation_type,string_or_nullable_numeric,yes,Observation type.,source-backed or explicitly unresolved,allowed only when table/record publication_facing and evidence status permit
v1_observations,feature_id,string_or_nullable_numeric,yes,Feature id.,source-backed or explicitly unresolved,allowed only when table/record publication_facing and evidence status permit
v1_observations,context_id,string_or_nullable_numeric,yes,Context id.,source-backed or explicitly unresolved,allowed only when table/record publication_facing and evidence status permit
v1_observations,sample_identifier,string_or_nullable_numeric,yes,Sample identifier.,source-backed or explicitly unresolved,allowed only when table/record publication_facing and evidence status permit
v1_observations,retention_time,string_or_nullable_numeric,yes,Retention time.,source-backed or explicitly unresolved,allowed only when table/record publication_facing and evidence status permit
v1_observations,retention_time_units,string_or_nullable_numeric,yes,Retention time units.,source-backed or explicitly unresolved,allowed only when table/record publication_facing and evidence status permit
v1_observations,presence_status,string_or_nullable_numeric,yes,Presence status.,source-backed or explicitly unresolved,allowed only when table/record publication_facing and evidence status permit
v1_observations,raw_area_or_intensity,string_or_nullable_numeric,yes,Historical measured area/intensity when directly available; never ppm without calibration.,source-backed or explicitly unresolved,allowed only when table/record publication_facing and evidence status permit
v1_observations,measurement_units,string_or_nullable_numeric,yes,Measurement units.,source-backed or explicitly unresolved,allowed only when table/record publication_facing and evidence status permit
v1_observations,technical_replicate_id,string_or_nullable_numeric,no,Technical replicate id.,source-backed or explicitly unresolved,allowed only when table/record publication_facing and evidence status permit
v1_observations,biological_replicate_id,string_or_nullable_numeric,no,Biological replicate id.,source-backed or explicitly unresolved,allowed only when table/record publication_facing and evidence status permit
v1_observations,measured_mass_value,string_or_nullable_numeric,yes,Parsed historical sample mass value; exact weighed material may remain unresolved.,source-backed or explicitly unresolved,allowed only when table/record publication_facing and evidence status permit
v1_observations,mass_units,string_or_nullable_numeric,yes,Mass units.,source-backed or explicitly unresolved,allowed only when table/record publication_facing and evidence status permit
v1_observations,mass_original_token,string_or_nullable_numeric,yes,Mass original token.,source-backed or explicitly unresolved,allowed only when table/record publication_facing and evidence status permit
v1_observations,weighed_material,string_or_nullable_numeric,yes,Weighed material.,source-backed or explicitly unresolved,allowed only when table/record publication_facing and evidence status permit
v1_observations,mass_used_in_normalization,string_or_nullable_numeric,yes,Mass used in normalization.,source-backed or explicitly unresolved,allowed only when table/record publication_facing and evidence status permit
v1_observations,mass_normalization_status,string_or_nullable_numeric,yes,Mass normalization status.,source-backed or explicitly unresolved,allowed only when table/record publication_facing and evidence status permit
v1_observations,other_transformation_status,string_or_nullable_numeric,yes,Other transformation status.,source-backed or explicitly unresolved,allowed only when table/record publication_facing and evidence status permit
v1_observations,source_workbook_or_publication,string_or_nullable_numeric,yes,Source workbook or publication.,source-backed or explicitly unresolved,allowed only when table/record publication_facing and evidence status permit
v1_observations,source_sheet,string_or_nullable_numeric,yes,Source sheet.,source-backed or explicitly unresolved,allowed only when table/record publication_facing and evidence status permit
v1_observations,source_cell_or_range,string_or_nullable_numeric,yes,Source cell or range.,source-backed or explicitly unresolved,allowed only when table/record publication_facing and evidence status permit
v1_observations,evidence_level,string_or_nullable_numeric,yes,Evidence level.,source-backed or explicitly unresolved,allowed only when table/record publication_facing and evidence status permit
v1_observations,conflict_status,string_or_nullable_numeric,yes,Explicit conflict/unresolved marker; never resolved by display logic.,source-backed or explicitly unresolved,allowed only when table/record publication_facing and evidence status permit
v1_observations,notes,string_or_nullable_numeric,yes,Notes.,source-backed or explicitly unresolved,allowed only when table/record publication_facing and evidence status permit
v1_feature_chemical_mapping,mapping_id,string_or_nullable_numeric,no,Mapping id.,source-backed or explicitly unresolved,allowed only when table/record publication_facing and evidence status permit
v1_feature_chemical_mapping,feature_id,string_or_nullable_numeric,yes,Feature id.,source-backed or explicitly unresolved,allowed only when table/record publication_facing and evidence status permit
v1_feature_chemical_mapping,chemical_id,string_or_nullable_numeric,yes,Chemical id.,source-backed or explicitly unresolved,allowed only when table/record publication_facing and evidence status permit
v1_feature_chemical_mapping,mapping_type,string_or_nullable_numeric,yes,Mapping type.,source-backed or explicitly unresolved,allowed only when table/record publication_facing and evidence status permit
v1_feature_chemical_mapping,mapping_status,string_or_nullable_numeric,yes,Mapping status.,source-backed or explicitly unresolved,allowed only when table/record publication_facing and evidence status permit
v1_feature_chemical_mapping,confidence_symbol,string_or_nullable_numeric,yes,Immutable published identification-confidence symbol.,source-backed or explicitly unresolved,allowed only when table/record publication_facing and evidence status permit
v1_feature_chemical_mapping,structure_link_status,string_or_nullable_numeric,yes,Structure link status.,source-backed or explicitly unresolved,allowed only when table/record publication_facing and evidence status permit
v1_feature_chemical_mapping,evidence_source,string_or_nullable_numeric,yes,Evidence source.,source-backed or explicitly unresolved,allowed only when table/record publication_facing and evidence status permit
v1_feature_chemical_mapping,evidence_level,string_or_nullable_numeric,yes,Evidence level.,source-backed or explicitly unresolved,allowed only when table/record publication_facing and evidence status permit
v1_feature_chemical_mapping,conflict_status,string_or_nullable_numeric,yes,Explicit conflict/unresolved marker; never resolved by display logic.,source-backed or explicitly unresolved,allowed only when table/record publication_facing and evidence status permit
v1_feature_chemical_mapping,notes,string_or_nullable_numeric,yes,Notes.,source-backed or explicitly unresolved,allowed only when table/record publication_facing and evidence status permit
v1_provenance,provenance_id,string_or_nullable_numeric,no,Provenance id.,source-backed or explicitly unresolved,allowed only when table/record publication_facing and evidence status permit
v1_provenance,source_type,string_or_nullable_numeric,yes,Source type.,source-backed or explicitly unresolved,allowed only when table/record publication_facing and evidence status permit
v1_provenance,evidence_class,string_or_nullable_numeric,yes,Evidence class.,source-backed or explicitly unresolved,allowed only when table/record publication_facing and evidence status permit
v1_provenance,relative_path,string_or_nullable_numeric,yes,Relative path.,source-backed or explicitly unresolved,allowed only when table/record publication_facing and evidence status permit
v1_provenance,sha256,string_or_nullable_numeric,yes,Sha256.,source-backed or explicitly unresolved,allowed only when table/record publication_facing and evidence status permit
v1_provenance,source_location,string_or_nullable_numeric,yes,Source location.,source-backed or explicitly unresolved,allowed only when table/record publication_facing and evidence status permit
v1_provenance,immutable,string_or_nullable_numeric,yes,Immutable.,source-backed or explicitly unresolved,allowed only when table/record publication_facing and evidence status permit
v1_provenance,supports,string_or_nullable_numeric,yes,Supports.,source-backed or explicitly unresolved,allowed only when table/record publication_facing and evidence status permit
v1_provenance,limitations,string_or_nullable_numeric,yes,Limitations.,source-backed or explicitly unresolved,allowed only when table/record publication_facing and evidence status permit
legacy_17_migration,legacy_record_id,string_or_nullable_numeric,no,Legacy record id.,source-backed or explicitly unresolved,allowed only when table/record publication_facing and evidence status permit
legacy_17_migration,legacy_name,string_or_nullable_numeric,yes,Legacy name.,source-backed or explicitly unresolved,allowed only when table/record publication_facing and evidence status permit
legacy_17_migration,legacy_identifier_result,string_or_nullable_numeric,yes,Legacy identifier result.,source-backed or explicitly unresolved,allowed only when table/record publication_facing and evidence status permit
legacy_17_migration,phase5a_evidence_status,string_or_nullable_numeric,yes,Phase5a evidence status.,source-backed or explicitly unresolved,allowed only when table/record publication_facing and evidence status permit
legacy_17_migration,v1_chemical_id,string_or_nullable_numeric,no,V1 chemical id.,source-backed or explicitly unresolved,allowed only when table/record publication_facing and evidence status permit
legacy_17_migration,v1_feature_id,string_or_nullable_numeric,no,V1 feature id.,source-backed or explicitly unresolved,allowed only when table/record publication_facing and evidence status permit
legacy_17_migration,v1_mapping_status,string_or_nullable_numeric,yes,V1 mapping status.,source-backed or explicitly unresolved,allowed only when table/record publication_facing and evidence status permit
legacy_17_migration,disposition,string_or_nullable_numeric,yes,Disposition.,source-backed or explicitly unresolved,allowed only when table/record publication_facing and evidence status permit
legacy_17_migration,reason,string_or_nullable_numeric,yes,Reason.,source-backed or explicitly unresolved,allowed only when table/record publication_facing and evidence status permit
legacy_17_migration,publication_facing,string_or_nullable_numeric,yes,Whether the record may appear in publication-facing V1 views.,source-backed or explicitly unresolved,allowed only when table/record publication_facing and evidence status permit
legacy_17_migration,traceability_source,string_or_nullable_numeric,yes,Traceability source.,source-backed or explicitly unresolved,allowed only when table/record publication_facing and evidence status permit
quarantined_legacy_fields,dataset,string_or_nullable_numeric,yes,Dataset.,source-backed or explicitly unresolved,allowed only when table/record publication_facing and evidence status permit
quarantined_legacy_fields,field,string_or_nullable_numeric,yes,Field.,source-backed or explicitly unresolved,allowed only when table/record publication_facing and evidence status permit
quarantined_legacy_fields,unsafe_reason,string_or_nullable_numeric,yes,Unsafe reason.,source-backed or explicitly unresolved,allowed only when table/record publication_facing and evidence status permit
quarantined_legacy_fields,action,string_or_nullable_numeric,yes,Action.,source-backed or explicitly unresolved,allowed only when table/record publication_facing and evidence status permit
quarantined_legacy_fields,historical_preservation,string_or_nullable_numeric,yes,Historical preservation.,source-backed or explicitly unresolved,allowed only when table/record publication_facing and evidence status permit
quarantined_legacy_fields,proposed_replacement,string_or_nullable_numeric,yes,Proposed replacement.,source-backed or explicitly unresolved,allowed only when table/record publication_facing and evidence status permit
quarantined_legacy_fields,publication_gate,string_or_nullable_numeric,yes,Publication gate.,source-backed or explicitly unresolved,allowed only when table/record publication_facing and evidence status permit
quarantined_legacy_fields,v1_enforcement,string_or_nullable_numeric,yes,V1 enforcement.,source-backed or explicitly unresolved,allowed only when table/record publication_facing and evidence status permit
unresolved_v1_records,record_id,string_or_nullable_numeric,no,Record id.,source-backed or explicitly unresolved,allowed only when table/record publication_facing and evidence status permit
unresolved_v1_records,category,string_or_nullable_numeric,yes,Category.,source-backed or explicitly unresolved,allowed only when table/record publication_facing and evidence status permit
unresolved_v1_records,record,string_or_nullable_numeric,yes,Record.,source-backed or explicitly unresolved,allowed only when table/record publication_facing and evidence status permit
unresolved_v1_records,status,string_or_nullable_numeric,yes,Status.,source-backed or explicitly unresolved,allowed only when table/record publication_facing and evidence status permit
unresolved_v1_records,evidence,string_or_nullable_numeric,yes,Evidence.,source-backed or explicitly unresolved,allowed only when table/record publication_facing and evidence status permit
unresolved_v1_records,required_evidence,string_or_nullable_numeric,yes,Required evidence.,source-backed or explicitly unresolved,allowed only when table/record publication_facing and evidence status permit
unresolved_v1_records,v1_handling,string_or_nullable_numeric,yes,V1 handling.,source-backed or explicitly unresolved,allowed only when table/record publication_facing and evidence status permit
