mapping_id,feature_id,chemical_id,mapping_type,mapping_status,confidence_symbol,structure_link_status,evidence_source,evidence_level,conflict_status,notes
MAP-BIO4,FEAT-BIO4,CHEM-CAND-BIO4,published_annotation_interpretation,published_tentative_higher_confidence,?,candidate_structure_attached_not_peak_confirmation,Supplementary Table S2,published_supported,false,A published annotation link is not an automatic structural-identifier join.
MAP-BIO5,FEAT-BIO5,CHEM-CAND-BIO5,published_annotation_interpretation,published_tentative_higher_confidence,?,candidate_structure_attached_not_peak_confirmation,Supplementary Table S2,published_supported,false,A published annotation link is not an automatic structural-identifier join.
MAP-BIO10,FEAT-BIO10,CHEM-CAND-BIO10,published_annotation_interpretation,published_tentative_higher_confidence,?,candidate_structure_attached_not_peak_confirmation,Supplementary Table S2,published_supported,false,A published annotation link is not an automatic structural-identifier join.
MAP-BIO19,FEAT-BIO19,CHEM-CAND-BIO19,published_annotation_interpretation,published_tentative_higher_confidence,?,candidate_structure_attached_not_peak_confirmation,Supplementary Table S2,published_supported,false,A published annotation link is not an automatic structural-identifier join.
MAP-BIO20,FEAT-BIO20,CHEM-CAND-BIO20,published_annotation_interpretation,published_authentic_standard_supported,*,candidate_structure_attached_not_peak_confirmation,Supplementary Table S2,published_supported,false,A published annotation link is not an automatic structural-identifier join.
MAP-BIO21,FEAT-BIO21,CHEM-CAND-BIO21,published_annotation_interpretation,published_authentic_standard_supported,*,candidate_structure_attached_not_peak_confirmation,Supplementary Table S2,published_supported,false,A published annotation link is not an automatic structural-identifier join.
MAP-BIO22,FEAT-BIO22,CHEM-CAND-BIO22,published_annotation_interpretation,published_tentative_higher_confidence,?,candidate_structure_attached_not_peak_confirmation,Supplementary Table S2,published_supported,false,A published annotation link is not an automatic structural-identifier join.
MAP-BIO33,FEAT-BIO33,CHEM-CAND-BIO33,published_annotation_interpretation,published_tentative_higher_confidence,?,candidate_structure_attached_not_peak_confirmation,Supplementary Table S2,published_supported,false,A published annotation link is not an automatic structural-identifier join.
MAP-BIO36,FEAT-BIO36,CHEM-CAND-BIO36,published_annotation_interpretation,published_tentative_higher_confidence,?,candidate_structure_attached_not_peak_confirmation,Supplementary Table S2,published_supported,false,A published annotation link is not an automatic structural-identifier join.
MAP-BIO37,FEAT-BIO37,CHEM-CAND-BIO37,published_annotation_interpretation,published_tentative_higher_confidence,?,candidate_structure_attached_not_peak_confirmation,Supplementary Table S2,published_supported,false,A published annotation link is not an automatic structural-identifier join.
MAP-BIO52,FEAT-BIO52,CHEM-CAND-BIO52,published_annotation_interpretation,published_tentative_higher_confidence,?,no_structure_attached,Supplementary Table S2,published_supported,false,A published annotation link is not an automatic structural-identifier join.
MAP-BIO53,FEAT-BIO53,CHEM-CAND-BIO53,published_annotation_interpretation,published_tentative_higher_confidence,?,candidate_structure_attached_not_peak_confirmation,Supplementary Table S2,published_supported,false,A published annotation link is not an automatic structural-identifier join.
MAP-BIO55,FEAT-BIO55,CHEM-CAND-BIO55,published_annotation_interpretation,published_tentative_higher_confidence,?,candidate_structure_attached_not_peak_confirmation,Supplementary Table S2,published_supported,false,A published annotation link is not an automatic structural-identifier join.
MAP-BIO56,FEAT-BIO56,CHEM-CAND-BIO56,published_annotation_interpretation,published_authentic_standard_supported,*,candidate_structure_attached_not_peak_confirmation,Supplementary Table S2,published_supported,false,A published annotation link is not an automatic structural-identifier join.
MAP-BIO59,FEAT-BIO59,CHEM-CAND-BIO59,published_annotation_interpretation,published_tentative_higher_confidence,?,candidate_structure_attached_not_peak_confirmation,Supplementary Table S2,published_supported,false,A published annotation link is not an automatic structural-identifier join.
MAP-BIO61,FEAT-BIO61,CHEM-CAND-BIO61,published_annotation_interpretation,published_tentative_higher_confidence,?,candidate_structure_attached_not_peak_confirmation,Supplementary Table S2,published_supported,false,A published annotation link is not an automatic structural-identifier join.
MAP-BIO62,FEAT-BIO62,CHEM-CAND-BIO62,published_annotation_interpretation,published_tentative_higher_confidence,?,candidate_structure_attached_not_peak_confirmation,Supplementary Table S2,published_supported,false,A published annotation link is not an automatic structural-identifier join.
MAP-BIO3,FEAT-BIO3,CHEM-CAND-BIO3,published_annotation_interpretation,published_tentative_higher_confidence,?,candidate_structure_attached_not_peak_confirmation,Supplementary Table S2,published_supported,false,A published annotation link is not an automatic structural-identifier join.
MAP-BIO13,FEAT-BIO13,CHEM-CAND-BIO13,published_annotation_interpretation,published_tentative_higher_confidence,?,candidate_structure_attached_not_peak_confirmation,Supplementary Table S2,published_supported,false,A published annotation link is not an automatic structural-identifier join.
MAP-BIO57,FEAT-BIO57,CHEM-CAND-BIO57,published_annotation_interpretation,published_tentative_higher_confidence,?,candidate_structure_attached_not_peak_confirmation,Supplementary Table S2,published_supported,false,A published annotation link is not an automatic structural-identifier join.
MAP-BIO8,FEAT-BIO8,CHEM-CAND-BIO8,published_annotation_interpretation,published_authentic_standard_supported,*,candidate_structure_attached_not_peak_confirmation,Supplementary Table S2,published_supported,false,A published annotation link is not an automatic structural-identifier join.
MAP-BIO17,FEAT-BIO17,CHEM-CAND-BIO17,published_annotation_interpretation,published_authentic_standard_supported,*,candidate_structure_attached_not_peak_confirmation,Supplementary Table S2,published_supported,false,A published annotation link is not an automatic structural-identifier join.
MAP-BIO31,FEAT-BIO31,CHEM-CAND-BIO31,published_annotation_interpretation,published_authentic_standard_supported,*,candidate_structure_attached_not_peak_confirmation,Supplementary Table S2,published_supported,false,A published annotation link is not an automatic structural-identifier join.
MAP-BIO2,FEAT-BIO2,CHEM-CAND-BIO2,published_annotation_interpretation,published_tentative_higher_confidence,?,candidate_structure_attached_not_peak_confirmation,Supplementary Table S2,published_supported,false,A published annotation link is not an automatic structural-identifier join.
MAP-BIO39,FEAT-BIO39,CHEM-CAND-BIO39,published_annotation_interpretation,published_authentic_standard_supported,*,candidate_structure_attached_not_peak_confirmation,Supplementary Table S2,published_supported,false,A published annotation link is not an automatic structural-identifier join.
MAP-BIO66,FEAT-BIO66,CHEM-CAND-BIO66,published_annotation_interpretation,published_tentative_lower_confidence,??,candidate_structure_attached_not_peak_confirmation,Supplementary Table S2,published_supported,false,A published annotation link is not an automatic structural-identifier join.
MAP-BIO77,FEAT-BIO77,CHEM-CAND-BIO77,published_annotation_interpretation,published_tentative_lower_confidence,??,candidate_structure_attached_not_peak_confirmation,Supplementary Table S2,published_supported,false,A published annotation link is not an automatic structural-identifier join.
MAP-BIO78,FEAT-BIO78,CHEM-CAND-BIO78,published_annotation_interpretation,published_tentative_lower_confidence,??,candidate_structure_attached_not_peak_confirmation,Supplementary Table S2,published_supported,false,A published annotation link is not an automatic structural-identifier join.
MAP-BIO81,FEAT-BIO81,CHEM-CAND-BIO81,published_annotation_interpretation,published_tentative_higher_confidence,?,candidate_structure_attached_not_peak_confirmation,Supplementary Table S2,published_supported,false,A published annotation link is not an automatic structural-identifier join.
MAP-BIO15,FEAT-BIO15,CHEM-CAND-BIO15,published_annotation_interpretation,published_tentative_higher_confidence,?,candidate_structure_attached_not_peak_confirmation,Supplementary Table S2,published_supported,false,A published annotation link is not an automatic structural-identifier join.
MAP-BIO30,FEAT-BIO30,CHEM-CAND-BIO30,published_annotation_interpretation,published_tentative_lower_confidence,??,candidate_structure_attached_not_peak_confirmation,Supplementary Table S2,published_supported,false,A published annotation link is not an automatic structural-identifier join.
MAP-BIO40,FEAT-BIO40,CHEM-CAND-BIO40,published_annotation_interpretation,published_tentative_lower_confidence,??,candidate_structure_attached_not_peak_confirmation,Supplementary Table S2,published_supported,false,A published annotation link is not an automatic structural-identifier join.
MAP-BIO43,FEAT-BIO43,CHEM-CAND-BIO43,published_annotation_interpretation,published_tentative_higher_confidence,?,candidate_structure_attached_not_peak_confirmation,Supplementary Table S2,published_supported,false,A published annotation link is not an automatic structural-identifier join.
MAP-BIO44,FEAT-BIO44,CHEM-CAND-BIO44,published_annotation_interpretation,published_tentative_higher_confidence,?,candidate_structure_attached_not_peak_confirmation,Supplementary Table S2,published_supported,false,A published annotation link is not an automatic structural-identifier join.
MAP-BIO45,FEAT-BIO45,CHEM-CAND-BIO45,published_annotation_interpretation,published_tentative_lower_confidence,??,candidate_structure_attached_not_peak_confirmation,Supplementary Table S2,published_supported,false,A published annotation link is not an automatic structural-identifier join.
MAP-BIO47,FEAT-BIO47,CHEM-CAND-BIO47,published_annotation_interpretation,published_authentic_standard_supported,*,candidate_structure_attached_not_peak_confirmation,Supplementary Table S2,published_supported,false,A published annotation link is not an automatic structural-identifier join.
MAP-BIO48,FEAT-BIO48,CHEM-CAND-BIO48,published_annotation_interpretation,published_tentative_lower_confidence,??,candidate_structure_attached_not_peak_confirmation,Supplementary Table S2,published_supported,false,A published annotation link is not an automatic structural-identifier join.
MAP-BIO50,FEAT-BIO50,CHEM-CAND-BIO50,published_annotation_interpretation,published_tentative_lower_confidence,??,candidate_structure_attached_not_peak_confirmation,Supplementary Table S2,published_supported,false,A published annotation link is not an automatic structural-identifier join.
MAP-BIO60,FEAT-BIO60,CHEM-CAND-BIO60,published_annotation_interpretation,published_tentative_lower_confidence,??,candidate_structure_attached_not_peak_confirmation,Supplementary Table S2,published_supported,false,A published annotation link is not an automatic structural-identifier join.
MAP-BIO63,FEAT-BIO63,CHEM-CAND-BIO63,published_annotation_interpretation,published_tentative_higher_confidence,?,candidate_structure_attached_not_peak_confirmation,Supplementary Table S2,published_supported,false,A published annotation link is not an automatic structural-identifier join.
MAP-BIO65,FEAT-BIO65,CHEM-CAND-BIO65,published_annotation_interpretation,published_tentative_higher_confidence,?,candidate_structure_attached_not_peak_confirmation,Supplementary Table S2,published_supported,false,A published annotation link is not an automatic structural-identifier join.
MAP-BIO68,FEAT-BIO68,CHEM-CAND-BIO68,published_annotation_interpretation,published_tentative_lower_confidence,??,candidate_structure_attached_not_peak_confirmation,Supplementary Table S2,published_supported,false,A published annotation link is not an automatic structural-identifier join.
MAP-BIO71,FEAT-BIO71,CHEM-CAND-BIO71,published_annotation_interpretation,published_tentative_higher_confidence,?,candidate_structure_attached_not_peak_confirmation,Supplementary Table S2,published_supported,false,A published annotation link is not an automatic structural-identifier join.
MAP-BIO72,FEAT-BIO72,CHEM-CAND-BIO72,published_annotation_interpretation,published_tentative_higher_confidence,?,candidate_structure_attached_not_peak_confirmation,Supplementary Table S2,published_supported,false,A published annotation link is not an automatic structural-identifier join.
MAP-BIO74,FEAT-BIO74,CHEM-CAND-BIO74,published_annotation_interpretation,published_tentative_lower_confidence,??,candidate_structure_attached_not_peak_confirmation,Supplementary Table S2,published_supported,false,A published annotation link is not an automatic structural-identifier join.
MAP-BIO75,FEAT-BIO75,CHEM-CAND-BIO75,published_annotation_interpretation,published_tentative_lower_confidence,??,candidate_structure_attached_not_peak_confirmation,Supplementary Table S2,published_supported,false,A published annotation link is not an automatic structural-identifier join.
MAP-BIO80,FEAT-BIO80,CHEM-CAND-BIO80,published_annotation_interpretation,published_tentative_higher_confidence,?,candidate_structure_attached_not_peak_confirmation,Supplementary Table S2,published_supported,false,A published annotation link is not an automatic structural-identifier join.
MAP-BIO67,FEAT-BIO67,CHEM-CAND-BIO67,published_annotation_interpretation,published_tentative_higher_confidence,?,no_structure_attached,Supplementary Table S2,published_supported,false,A published annotation link is not an automatic structural-identifier join.
MAP-BIO73,FEAT-BIO73,CHEM-CAND-BIO73,published_annotation_interpretation,published_tentative_higher_confidence,?,candidate_structure_attached_not_peak_confirmation,Supplementary Table S2,published_supported,false,A published annotation link is not an automatic structural-identifier join.
MAP-BIO1,FEAT-BIO1,CHEM-CAND-BIO1,published_annotation_interpretation,published_tentative_lower_confidence,??,candidate_structure_attached_not_peak_confirmation,Supplementary Table S2,published_supported,false,A published annotation link is not an automatic structural-identifier join.
MAP-BIO38,FEAT-BIO38,CHEM-CAND-BIO38,published_annotation_interpretation,published_authentic_standard_supported,*,candidate_structure_attached_not_peak_confirmation,Supplementary Table S2,published_supported,false,A published annotation link is not an automatic structural-identifier join.
MAP-BIO41,FEAT-BIO41,CHEM-CAND-BIO41,published_annotation_interpretation,published_tentative_lower_confidence,??,candidate_structure_attached_not_peak_confirmation,Supplementary Table S2,published_supported,false,A published annotation link is not an automatic structural-identifier join.
MAP-BIO42,FEAT-BIO42,CHEM-CAND-BIO42,published_annotation_interpretation,published_authentic_standard_supported,*,candidate_structure_attached_not_peak_confirmation,Supplementary Table S2,published_supported,false,A published annotation link is not an automatic structural-identifier join.
MAP-BIO49,FEAT-BIO49,CHEM-CAND-BIO49,published_annotation_interpretation,published_tentative_higher_confidence,?,candidate_structure_attached_not_peak_confirmation,Supplementary Table S2,published_supported,false,A published annotation link is not an automatic structural-identifier join.
MAP-BIO51,FEAT-BIO51,CHEM-CAND-BIO51,published_annotation_interpretation,published_tentative_higher_confidence,?,candidate_structure_attached_not_peak_confirmation,Supplementary Table S2,published_supported,false,A published annotation link is not an automatic structural-identifier join.
MAP-BIO54,FEAT-BIO54,CHEM-CAND-BIO54,published_annotation_interpretation,published_tentative_higher_confidence,?,candidate_structure_attached_not_peak_confirmation,Supplementary Table S2,published_supported,false,A published annotation link is not an automatic structural-identifier join.
MAP-BIO6,FEAT-BIO6,CHEM-CAND-BIO6,published_annotation_interpretation,published_tentative_lower_confidence,??,no_structure_attached,Supplementary Table S2,published_supported,false,A published annotation link is not an automatic structural-identifier join.
MAP-BIO7,FEAT-BIO7,CHEM-CAND-BIO7,published_annotation_interpretation,published_tentative_lower_confidence,??,no_structure_attached,Supplementary Table S2,published_supported,false,A published annotation link is not an automatic structural-identifier join.
MAP-BIO9,FEAT-BIO9,CHEM-CAND-BIO9,published_annotation_interpretation,published_authentic_standard_supported,*,candidate_structure_attached_not_peak_confirmation,Supplementary Table S2,published_supported,false,A published annotation link is not an automatic structural-identifier join.
MAP-BIO11,FEAT-BIO11,CHEM-CAND-BIO11,published_annotation_interpretation,published_tentative_lower_confidence,??,no_structure_attached,Supplementary Table S2,published_supported,false,A published annotation link is not an automatic structural-identifier join.
MAP-BIO14,FEAT-BIO14,CHEM-CAND-BIO14,published_annotation_interpretation,published_tentative_lower_confidence,??,no_structure_attached,Supplementary Table S2,published_supported,false,A published annotation link is not an automatic structural-identifier join.
MAP-BIO16,FEAT-BIO16,CHEM-CAND-BIO16,published_annotation_interpretation,published_tentative_lower_confidence,??,no_structure_attached,Supplementary Table S2,published_supported,false,A published annotation link is not an automatic structural-identifier join.
MAP-BIO18,FEAT-BIO18,CHEM-CAND-BIO18,published_annotation_interpretation,published_tentative_lower_confidence,??,no_structure_attached,Supplementary Table S2,published_supported,false,A published annotation link is not an automatic structural-identifier join.
MAP-BIO23,FEAT-BIO23,CHEM-CAND-BIO23,published_annotation_interpretation,published_tentative_lower_confidence,??,no_structure_attached,Supplementary Table S2,published_supported,false,A published annotation link is not an automatic structural-identifier join.
MAP-BIO24,FEAT-BIO24,CHEM-CAND-BIO24,published_annotation_interpretation,published_tentative_lower_confidence,??,no_structure_attached,Supplementary Table S2,published_supported,false,A published annotation link is not an automatic structural-identifier join.
MAP-BIO26,FEAT-BIO26,CHEM-CAND-BIO26,published_annotation_interpretation,published_tentative_lower_confidence,??,no_structure_attached,Supplementary Table S2,published_supported,false,A published annotation link is not an automatic structural-identifier join.
MAP-BIO27,FEAT-BIO27,CHEM-CAND-BIO27,published_annotation_interpretation,published_tentative_lower_confidence,??,no_structure_attached,Supplementary Table S2,published_supported,false,A published annotation link is not an automatic structural-identifier join.
MAP-BIO28,FEAT-BIO28,CHEM-CAND-BIO28,published_annotation_interpretation,published_tentative_lower_confidence,??,no_structure_attached,Supplementary Table S2,published_supported,false,A published annotation link is not an automatic structural-identifier join.
MAP-BIO29,FEAT-BIO29,CHEM-CAND-BIO29,published_annotation_interpretation,published_tentative_lower_confidence,??,no_structure_attached,Supplementary Table S2,published_supported,false,A published annotation link is not an automatic structural-identifier join.
MAP-BIO32,FEAT-BIO32,CHEM-CAND-BIO32,published_annotation_interpretation,published_tentative_lower_confidence,??,no_structure_attached,Supplementary Table S2,published_supported,false,A published annotation link is not an automatic structural-identifier join.
