provenance_id,source_type,evidence_class,relative_path,sha256,source_location,immutable,supports,limitations
PROV-001,publication,published_evidence,source_evidence/published/insects-2378901-supplementary.pdf,bd62dc48c57ff62e5557c095458ecdbd8bb9978ed12904fcd668797ca1ce9802,Table S1; Table S2,true,features; contexts; presence,Does not document exact 76×84→63×81 transition.
PROV-002,publication,published_evidence,source_evidence/published/insects-14-00589.pdf,35581feaaaf94541053bf27850b47f9e387e8c21aaf3b141e0d7df65fde4e031,Methods; CAP description,true,published analysis description,No sample-level processing crosswalk.
PROV-003,historical_workbook,original_historical_evidence,source_evidence/historical_workbooks/defence compounds-251VOC-25Nov2021.xlsx,8c5455c7fa7d84f4e96fbeb2d51d847aeb281d892c6acb4200fc193ea76a5254,raw; normalization; result sheets,true,RT/intensity; sample labels; mass division,Not untouched instrument-native data; exact weighed material unresolved.
PROV-004,historical_workbook,original_historical_evidence,source_evidence/historical_workbooks/CAP-all-samples.xlsx12-Dec(correct_important).xlsx,f12e696f84578335c252776c4cf53c884ddff2a1fbba1cf53d829df397486735,all; components,true,76×84 historical CAP precursor,No explicit published 63×81 reduction.
PROV-005,historical_workbook,original_historical_evidence,source_evidence/historical_workbooks/aphis gossipii.xlsx12 Dec (pre and post processing_final version).xlsx,b1dd7bad9893dca4f6382e8e83922560dbbca87e20eefe81c9156faadf0220e4,host and all-* sheets,true,A. gossypii preprocessing,Lemon alignment defect preserved.
PROV-006,author_clarification,author_experimental_clarification,source_evidence/collaborator_clarifications/Consider the weight of the Aphid as a factor.docx,a53898c6866685e0e79588d1164e6503bd4dc46abebee7d1f7efb2a68d6ad795,paragraphs,true,future weight/environment representation,Not documentary proof that weight was a published analytical factor.
PROV-007,forensic_output,computational_reconstruction,phase5a_outputs/published_81_feature_layer.csv,b3687807ad5b1b845e74da36b21d2ca33b8b8362b5a1a0bd693c36049a99a425,all rows,true,immutable Table S2 transcription,Derivative; primary PDF remains authoritative.
PROV-008,forensic_output,computational_reconstruction,phase5a1_outputs/published_81_provenance_update.csv,29aa4e308e4755a1e7a3847a363c31276ff11531b0f00e834aa930a1bc73064d,all rows,true,historical RT/annotation candidates,RT proximity is not identity proof.
PROV-009,legacy_runtime,legacy_quarantine,data/sample_data.py,fac4bbace5b6d1633382f217a1da6e8488b28e2818f11fe08f10a9d033a7ae41,VOCS; BIOASSAYS,false,legacy traceability,Unsupported fields cannot feed publication-facing output.
PROV-010,environment_validation,computational_validation,environment_validation/identifier_validation_rerun.csv,4718f251f969feaf68ad61a213214ebf0b0c4cf26492da3b793eb11a220ef6f6,17 rows,true,RDKit internal consistency,Does not validate chromatographic peak identity.
