feature_id,bio_id,published_rt_exact,published_rt_decimal_candidate,published_annotation_exact,confidence_symbol,confidence_interpretation,published_identification_status,published_presence_count,published_contexts_present_exact,published_contexts_absent_exact,source_publication,source_table,source_pages,evidence_status,immutable_published_fields,historical_annotation_candidate,historical_rt_candidate,historical_rt_range,historical_source_location,mapping_confidence,mapping_conflict,conflict_notes,provenance_gap_status,published_annotation_extraction_raw,published_annotation_display,annotation_correction_status,annotation_correction_evidence
FEAT-BIO4,Bio4,10:26,10.26,α-Thujene ?,?,tentative NIST reverse match 990–850,published_tentative_identification,1,Grape-AlSir,Pomegranate-Haw;G. foxtail-Haw;Oleander-Haw;Taif rose-Had;Taif rose-Haw;Radish-Haw;Alfalfa-Haw;Hibiscus-Haw;Lemon-khal;Vinca-Haw;Mint-khal;Zucchini-Haw;Feed-Haw;Apple-Had,source_evidence/published/insects-2378901-supplementary.pdf,Supplementary Table S2,4,published_supported,true,2-methyl-4-heptanone,10.097,10.014–10.152,all!row 4,candidate_or_unresolved,true,RT proximity is not identity proof. Historical names do not upgrade published confidence.,76x84_to_63x81_incomplete,-Thujene ?,α-Thujene,corrected_from_primary_evidence,"Direct visual verification against Supplementary Table S2, PDF pages 4-6; private-use glyph replaced by printed Greek letter."
FEAT-BIO5,Bio5,10:45,10.45,Cyclofenchene ?,?,tentative NIST reverse match 990–850,published_tentative_identification,8,Pomegranate-Haw;Oleander-Haw;Taif rose-Had;Taif rose-Haw;Alfalfa-Haw;Lemon-khal;Zucchini-Haw;Feed-Haw,Grape-AlSir;G. foxtail-Haw;Radish-Haw;Hibiscus-Haw;Vinca-Haw;Mint-khal;Apple-Had,source_evidence/published/insects-2378901-supplementary.pdf,Supplementary Table S2,4,published_supported,true,4-carene; 4-caren; 4-carene,10.454,10.239–10.509,all!row 5,strong_rt_reconstruction,false,RT proximity is not identity proof. Historical names do not upgrade published confidence.,76x84_to_63x81_incomplete,Cyclofenchene ?,Cyclofenchene,verified_no_correction,"Direct verification against Supplementary Table S2, PDF pages 4-7; no transcription change required."
FEAT-BIO10,Bio10,12:24,12.24,β-Thujene ?,?,tentative NIST reverse match 990–850,published_tentative_identification,1,Lemon-khal,Pomegranate-Haw;Grape-AlSir;G. foxtail-Haw;Oleander-Haw;Taif rose-Had;Taif rose-Haw;Radish-Haw;Alfalfa-Haw;Hibiscus-Haw;Vinca-Haw;Mint-khal;Zucchini-Haw;Feed-Haw;Apple-Had,source_evidence/published/insects-2378901-supplementary.pdf,Supplementary Table S2,4,published_supported,true,beta-phellandrene,12.242,12.215–12.27,all!row 10,strong_rt_reconstruction,false,RT proximity is not identity proof. Historical names do not upgrade published confidence.,76x84_to_63x81_incomplete,-Thujene ?,β-Thujene,corrected_from_primary_evidence,"Direct visual verification against Supplementary Table S2, PDF pages 4-6; private-use glyph replaced by printed Greek letter."
FEAT-BIO19,Bio19,14:77,14.77,O-Cymene ?,?,tentative NIST reverse match 990–850,published_tentative_identification,5,Pomegranate-Haw;Oleander-Haw;Alfalfa-Haw;Lemon-khal;Mint-khal,Grape-AlSir;G. foxtail-Haw;Taif rose-Had;Taif rose-Haw;Radish-Haw;Hibiscus-Haw;Vinca-Haw;Zucchini-Haw;Feed-Haw;Apple-Had,source_evidence/published/insects-2378901-supplementary.pdf,Supplementary Table S2,4,published_supported,true,O-cymene,14.746,14.718–14.773,all!row 19,partial_rt_reconstruction,false,RT proximity is not identity proof. Historical names do not upgrade published confidence.,76x84_to_63x81_incomplete,O-Cymene ?,O-Cymene,verified_no_correction,"Direct verification against Supplementary Table S2, PDF pages 4-7; no transcription change required."
FEAT-BIO20,Bio20,14:96,14.96,D-Limonene*,*,authentic-standard comparison stated,published_authentic_standard_supported,12,Pomegranate-Haw;Grape-AlSir;G. foxtail-Haw;Oleander-Haw;Taif rose-Haw;Radish-Haw;Alfalfa-Haw;Hibiscus-Haw;Lemon-khal;Vinca-Haw;Zucchini-Haw;Feed-Haw,Taif rose-Had;Mint-khal;Apple-Had,source_evidence/published/insects-2378901-supplementary.pdf,Supplementary Table S2,4,published_supported,true,D-limnene; D-lemonene; D-lemonen; D-lemonen; D-lemonen; D-lemonene,14.966,14.822–15.103,all!row 20,strong_rt_reconstruction,false,RT proximity is not identity proof. Historical names do not upgrade published confidence.,76x84_to_63x81_incomplete,D-Limonene*,D-Limonene,verified_no_correction,"Direct verification against Supplementary Table S2, PDF pages 4-7; no transcription change required."
FEAT-BIO21,Bio21,15:08,15.08,"Eucalyptol (1,8-cineole) *",*,authentic-standard comparison stated,published_authentic_standard_supported,1,Grape-AlSir,Pomegranate-Haw;G. foxtail-Haw;Oleander-Haw;Taif rose-Had;Taif rose-Haw;Radish-Haw;Alfalfa-Haw;Hibiscus-Haw;Lemon-khal;Vinca-Haw;Mint-khal;Zucchini-Haw;Feed-Haw;Apple-Had,source_evidence/published/insects-2378901-supplementary.pdf,Supplementary Table S2,4,published_supported,true,,15.103,15.076–15.186,all!row 22,partial_rt_reconstruction,false,RT proximity is not identity proof. Historical names do not upgrade published confidence.,76x84_to_63x81_incomplete,"Eucalyptol (1,8-cineole) *","Eucalyptol (1,8-cineole)",verified_no_correction,"Direct verification against Supplementary Table S2, PDF pages 4-7; no transcription change required."
FEAT-BIO22,Bio22,15:87,15.87,P-Cymene ?,?,tentative NIST reverse match 990–850,published_tentative_identification,1,Oleander-Haw,Pomegranate-Haw;Grape-AlSir;G. foxtail-Haw;Taif rose-Had;Taif rose-Haw;Radish-Haw;Alfalfa-Haw;Hibiscus-Haw;Lemon-khal;Vinca-Haw;Mint-khal;Zucchini-Haw;Feed-Haw;Apple-Had,source_evidence/published/insects-2378901-supplementary.pdf,Supplementary Table S2,4,published_supported,true,,15.873,15.873–15.873,all!row 23,strong_rt_reconstruction,false,RT proximity is not identity proof. Historical names do not upgrade published confidence.,76x84_to_63x81_incomplete,P-Cymene ?,P-Cymene,verified_no_correction,"Direct verification against Supplementary Table S2, PDF pages 4-7; no transcription change required."
FEAT-BIO33,Bio33,19:45,19.45,"1,3,8-P-Menthatriene ?",?,tentative NIST reverse match 990–850,published_tentative_identification,3,Oleander-Haw;Lemon-khal;Feed-Haw,Pomegranate-Haw;Grape-AlSir;G. foxtail-Haw;Taif rose-Had;Taif rose-Haw;Radish-Haw;Alfalfa-Haw;Hibiscus-Haw;Vinca-Haw;Mint-khal;Zucchini-Haw;Apple-Had,source_evidence/published/insects-2378901-supplementary.pdf,Supplementary Table S2,4,published_supported,true,"unknown-1,2,4,5-tetra methyl benzen; 1,2,4,5-tetramethyl benzen",19.422,19.395–19.45,all!row 35,partial_rt_reconstruction,false,RT proximity is not identity proof. Historical names do not upgrade published confidence.,76x84_to_63x81_incomplete,"1,3,8-P-Menthatriene ?","1,3,8-P-Menthatriene",verified_no_correction,"Direct verification against Supplementary Table S2, PDF pages 4-7; no transcription change required."
FEAT-BIO36,Bio36,21:43,21.43,L-menthone ?,?,tentative NIST reverse match 990–850,published_tentative_identification,2,Grape-AlSir;Mint-khal,Pomegranate-Haw;G. foxtail-Haw;Oleander-Haw;Taif rose-Had;Taif rose-Haw;Radish-Haw;Alfalfa-Haw;Hibiscus-Haw;Lemon-khal;Vinca-Haw;Zucchini-Haw;Feed-Haw;Apple-Had,source_evidence/published/insects-2378901-supplementary.pdf,Supplementary Table S2,4,published_supported,true,,21.348,21.32–21.43,all!row 38,candidate_or_unresolved,false,RT proximity is not identity proof. Historical names do not upgrade published confidence.,76x84_to_63x81_incomplete,L-menthone ?,L-menthone,verified_no_correction,"Direct verification against Supplementary Table S2, PDF pages 4-7; no transcription change required."
FEAT-BIO37,Bio37,21:78,21.78,D-menthone ?,?,tentative NIST reverse match 990–850,published_tentative_identification,1,Grape-AlSir,Pomegranate-Haw;G. foxtail-Haw;Oleander-Haw;Taif rose-Had;Taif rose-Haw;Radish-Haw;Alfalfa-Haw;Hibiscus-Haw;Lemon-khal;Vinca-Haw;Mint-khal;Zucchini-Haw;Feed-Haw;Apple-Had,source_evidence/published/insects-2378901-supplementary.pdf,Supplementary Table S2,4,published_supported,true,,21.815,21.788–21.87,all!row 39,partial_rt_reconstruction,false,RT proximity is not identity proof. Historical names do not upgrade published confidence.,76x84_to_63x81_incomplete,D-menthone ?,D-menthone,verified_no_correction,"Direct verification against Supplementary Table S2, PDF pages 4-7; no transcription change required."
FEAT-BIO52,Bio52,33:72,33.72,Caryophylene ?,?,tentative NIST reverse match 990–850,published_tentative_identification,7,Pomegranate-Haw;Grape-AlSir;G. foxtail-Haw;Oleander-Haw;Taif rose-Had;Taif rose-Haw;Alfalfa-Haw,Radish-Haw;Hibiscus-Haw;Lemon-khal;Vinca-Haw;Mint-khal;Zucchini-Haw;Feed-Haw;Apple-Had,source_evidence/published/insects-2378901-supplementary.pdf,Supplementary Table S2,4,published_supported,true,,33.7125,33.557–33.809,all!row 52,strong_rt_reconstruction,false,RT proximity is not identity proof. Historical names do not upgrade published confidence.,76x84_to_63x81_incomplete,Caryophylene ?,Caryophylene,verified_no_correction,"Direct verification against Supplementary Table S2, PDF pages 4-7; no transcription change required."
FEAT-BIO53,Bio53,34:47,34.47,α-Guaiene ?,?,tentative NIST reverse match 990–850,published_tentative_identification,2,Taif rose-Had;Alfalfa-Haw,Pomegranate-Haw;Grape-AlSir;G. foxtail-Haw;Oleander-Haw;Taif rose-Haw;Radish-Haw;Hibiscus-Haw;Lemon-khal;Vinca-Haw;Mint-khal;Zucchini-Haw;Feed-Haw;Apple-Had,source_evidence/published/insects-2378901-supplementary.pdf,Supplementary Table S2,4,published_supported,true,,34.469,34.469–34.525,all!row 54,strong_rt_reconstruction,false,RT proximity is not identity proof. Historical names do not upgrade published confidence.,76x84_to_63x81_incomplete,-Guaiene ?,α-Guaiene,corrected_from_primary_evidence,"Direct visual verification against Supplementary Table S2, PDF pages 4-6; private-use glyph replaced by printed Greek letter."
FEAT-BIO55,Bio55,35:30,35.3,Humulene ?,?,tentative NIST reverse match 990–850,published_tentative_identification,8,Pomegranate-Haw;Grape-AlSir;G. foxtail-Haw;Oleander-Haw;Taif rose-Had;Taif rose-Haw;Alfalfa-Haw;Hibiscus-Haw,Radish-Haw;Lemon-khal;Vinca-Haw;Mint-khal;Zucchini-Haw;Feed-Haw;Apple-Had,source_evidence/published/insects-2378901-supplementary.pdf,Supplementary Table S2,4,published_supported,true,humulene; humulene,35.295,35.136–35.432,all!row 56,strong_rt_reconstruction,false,RT proximity is not identity proof. Historical names do not upgrade published confidence.,76x84_to_63x81_incomplete,Humulene ?,Humulene,verified_no_correction,"Direct verification against Supplementary Table S2, PDF pages 4-7; no transcription change required."
FEAT-BIO56,Bio56,35:46,35.46,(E)-β-Farnesene*,*,authentic-standard comparison stated,published_authentic_standard_supported,13,Pomegranate-Haw;Grape-AlSir;G. foxtail-Haw;Oleander-Haw;Taif rose-Had;Taif rose-Haw;Alfalfa-Haw;Hibiscus-Haw;Lemon-khal;Vinca-Haw;Mint-khal;Zucchini-Haw;Feed-Haw,Radish-Haw;Apple-Had,source_evidence/published/insects-2378901-supplementary.pdf,Supplementary Table S2,4,published_supported,true,beta farnesene; beta farnesen; beta farnesen; beta farnesen; beta farnesen; beta farnesen; beta farnesen; beta farnesen,35.432,35.302–36.45,all!row 57,partial_rt_reconstruction,false,RT proximity is not identity proof. Historical names do not upgrade published confidence.,76x84_to_63x81_incomplete,(E)--Farnesene*,(E)-β-Farnesene,corrected_from_primary_evidence,"Direct visual verification against Supplementary Table S2, PDF pages 4-6; private-use glyph replaced by printed Greek letter."
FEAT-BIO59,Bio59,36:75,36.75,β-Selinene ?,?,tentative NIST reverse match 990–850,published_tentative_identification,1,Alfalfa-Haw,Pomegranate-Haw;Grape-AlSir;G. foxtail-Haw;Oleander-Haw;Taif rose-Had;Taif rose-Haw;Radish-Haw;Hibiscus-Haw;Lemon-khal;Vinca-Haw;Mint-khal;Zucchini-Haw;Feed-Haw;Apple-Had,source_evidence/published/insects-2378901-supplementary.pdf,Supplementary Table S2,4,published_supported,true,naphthalene-decahydro-4A-methyl-1-methylene-7(1-methylethenyl]4Ar-[4A-alpha-7-alpha-8A-beta…..,36.753,36.752–36.78,all!row 60,strong_rt_reconstruction,false,RT proximity is not identity proof. Historical names do not upgrade published confidence.,76x84_to_63x81_incomplete,-Selinene ?,β-Selinene,corrected_from_primary_evidence,"Direct visual verification against Supplementary Table S2, PDF pages 4-6; private-use glyph replaced by printed Greek letter."
FEAT-BIO61,Bio61,37:14,37.14,trans-α-Bergamotene ?,?,tentative NIST reverse match 990–850,published_tentative_identification,2,Taif rose-Had;Taif rose-Haw,Pomegranate-Haw;Grape-AlSir;G. foxtail-Haw;Oleander-Haw;Radish-Haw;Alfalfa-Haw;Hibiscus-Haw;Lemon-khal;Vinca-Haw;Mint-khal;Zucchini-Haw;Feed-Haw;Apple-Had,source_evidence/published/insects-2378901-supplementary.pdf,Supplementary Table S2,4,published_supported,true,Bergamotene,37.039,36.986–37.138,all!row 62,candidate_or_unresolved,false,RT proximity is not identity proof. Historical names do not upgrade published confidence.,76x84_to_63x81_incomplete,trans--Bergamotene ?,trans-α-Bergamotene,corrected_from_primary_evidence,"Direct visual verification against Supplementary Table S2, PDF pages 4-6; private-use glyph replaced by printed Greek letter."
FEAT-BIO62,Bio62,37:41,37.41,α-Bulnesene ?,?,tentative NIST reverse match 990–850,published_tentative_identification,1,Alfalfa-Haw,Pomegranate-Haw;Grape-AlSir;G. foxtail-Haw;Oleander-Haw;Taif rose-Had;Taif rose-Haw;Radish-Haw;Hibiscus-Haw;Lemon-khal;Vinca-Haw;Mint-khal;Zucchini-Haw;Feed-Haw;Apple-Had,source_evidence/published/insects-2378901-supplementary.pdf,Supplementary Table S2,4,published_supported,true,,37.413,37.413–37.441,all!row 63,strong_rt_reconstruction,false,RT proximity is not identity proof. Historical names do not upgrade published confidence.,76x84_to_63x81_incomplete,-Bulnesene ?,α-Bulnesene,corrected_from_primary_evidence,"Direct visual verification against Supplementary Table S2, PDF pages 4-6; private-use glyph replaced by printed Greek letter."
FEAT-BIO3,Bio3,10:09,10.09,2-Methyl-4-heptanone ?,?,tentative NIST reverse match 990–850,published_tentative_identification,5,Pomegranate-Haw;Grape-AlSir;G. foxtail-Haw;Taif rose-Haw;Alfalfa-Haw,Oleander-Haw;Taif rose-Had;Radish-Haw;Hibiscus-Haw;Lemon-khal;Vinca-Haw;Mint-khal;Zucchini-Haw;Feed-Haw;Apple-Had,source_evidence/published/insects-2378901-supplementary.pdf,Supplementary Table S2,5,published_supported,true,2-methyl-4-heptanone,10.097,10.014–10.152,all!row 4,partial_rt_reconstruction,true,RT proximity is not identity proof. Historical names do not upgrade published confidence.,76x84_to_63x81_incomplete,2-Methyl-4-heptanone ?,2-Methyl-4-heptanone,verified_no_correction,"Direct verification against Supplementary Table S2, PDF pages 4-7; no transcription change required."
FEAT-BIO13,Bio13,13:07,13.07,6-Methyl-5-hepten-2-one ?,?,tentative NIST reverse match 990–850,published_tentative_identification,9,Pomegranate-Haw;Grape-AlSir;G. foxtail-Haw;Oleander-Haw;Taif rose-Haw;Radish-Haw;Alfalfa-Haw;Hibiscus-Haw;Apple-Had,Taif rose-Had;Lemon-khal;Vinca-Haw;Mint-khal;Zucchini-Haw;Feed-Haw,source_evidence/published/insects-2378901-supplementary.pdf,Supplementary Table S2,5,published_supported,true,6-methyl-5hepta-2-one; 6-methyl-hepta-2-none,13.04,12.941–13.26,all!row 13,partial_rt_reconstruction,false,RT proximity is not identity proof. Historical names do not upgrade published confidence.,76x84_to_63x81_incomplete,6-Methyl-5-hepten-2-one ?,6-Methyl-5-hepten-2-one,verified_no_correction,"Direct verification against Supplementary Table S2, PDF pages 4-7; no transcription change required."
FEAT-BIO57,Bio57,35:65,35.65,"2,6-Di-tert-butyl-p-benzoquinone ?",?,tentative NIST reverse match 990–850,published_tentative_identification,2,G. foxtail-Haw;Oleander-Haw,Pomegranate-Haw;Grape-AlSir;Taif rose-Had;Taif rose-Haw;Radish-Haw;Alfalfa-Haw;Hibiscus-Haw;Lemon-khal;Vinca-Haw;Mint-khal;Zucchini-Haw;Feed-Haw;Apple-Had,source_evidence/published/insects-2378901-supplementary.pdf,Supplementary Table S2,5,published_supported,true,,35.666,35.652–35.68,all!row 58,partial_rt_reconstruction,false,RT proximity is not identity proof. Historical names do not upgrade published confidence.,76x84_to_63x81_incomplete,"2,6-Di-tert-butyl-p-benzoquinone ?","2,6-Di-tert-butyl-p-benzoquinone",verified_no_correction,"Direct verification against Supplementary Table S2, PDF pages 4-7; no transcription change required."
FEAT-BIO8,Bio8,11:91,11.91,Benzaldehyde*,*,authentic-standard comparison stated,published_authentic_standard_supported,7,Pomegranate-Haw;Grape-AlSir;G. foxtail-Haw;Oleander-Haw;Taif rose-Haw;Alfalfa-Haw;Hibiscus-Haw,Taif rose-Had;Radish-Haw;Lemon-khal;Vinca-Haw;Mint-khal;Zucchini-Haw;Feed-Haw;Apple-Had,source_evidence/published/insects-2378901-supplementary.pdf,Supplementary Table S2,5,published_supported,true,"benzaldehyde; unknown-1-phenyl-1,2-peoandione",11.885,11.775–12.105,all!row 8,partial_rt_reconstruction,false,RT proximity is not identity proof. Historical names do not upgrade published confidence.,76x84_to_63x81_incomplete,Benzaldehyde*,Benzaldehyde,verified_no_correction,"Direct verification against Supplementary Table S2, PDF pages 4-7; no transcription change required."
FEAT-BIO17,Bio17,14:03,14.03,α-Methyl-benzeneacetaldehyde*,*,authentic-standard comparison stated,published_authentic_standard_supported,10,Pomegranate-Haw;Grape-AlSir;Oleander-Haw;Taif rose-Haw;Radish-Haw;Hibiscus-Haw;Lemon-khal;Mint-khal;Zucchini-Haw;Feed-Haw,G. foxtail-Haw;Taif rose-Had;Alfalfa-Haw;Vinca-Haw;Apple-Had,source_evidence/published/insects-2378901-supplementary.pdf,Supplementary Table S2,5,published_supported,true,,14.003,13.893–14.144,all!row 17,partial_rt_reconstruction,false,RT proximity is not identity proof. Historical names do not upgrade published confidence.,76x84_to_63x81_incomplete,-Methyl-benzeneacetaldehyde*,α-Methyl-benzeneacetaldehyde,corrected_from_primary_evidence,"Direct visual verification against Supplementary Table S2, PDF pages 4-6; private-use glyph replaced by printed Greek letter."
FEAT-BIO31,Bio31,18:95,18.95,Nonanal*,*,authentic-standard comparison stated,published_authentic_standard_supported,8,Pomegranate-Haw;Grape-AlSir;Oleander-Haw;Taif rose-Haw;Radish-Haw;Alfalfa-Haw;Hibiscus-Haw;Lemon-khal;Zucchini-Haw;Feed-Haw,G. foxtail-Haw;Taif rose-Had;Vinca-Haw;Mint-khal;Apple-Had,source_evidence/published/insects-2378901-supplementary.pdf,Supplementary Table S2,5,published_supported,true,nonanal; nonanal; nonanal; nonanal; nonanal,18.927,18.899–18.982,all!row 33,partial_rt_reconstruction,false,RT proximity is not identity proof. Historical names do not upgrade published confidence.,76x84_to_63x81_incomplete,Nonanal*,Nonanal,verified_no_correction,"Direct verification against Supplementary Table S2, PDF pages 4-7; no transcription change required."
FEAT-BIO2,Bio2,9:63,9.63,"1,1-Diacetoxyethane ?",?,tentative NIST reverse match 990–850,published_tentative_identification,1,Pomegranate-Haw,Grape-AlSir;G. foxtail-Haw;Oleander-Haw;Taif rose-Had;Taif rose-Haw;Radish-Haw;Alfalfa-Haw;Hibiscus-Haw;Lemon-khal;Vinca-Haw;Mint-khal;Zucchini-Haw;Feed-Haw;Apple-Had,source_evidence/published/insects-2378901-supplementary.pdf,Supplementary Table S2,5,published_supported,true,,9.628,9.53–9.656,all!row 3,strong_rt_reconstruction,false,RT proximity is not identity proof. Historical names do not upgrade published confidence.,76x84_to_63x81_incomplete,"1,1-Diacetoxyethane ?","1,1-Diacetoxyethane",verified_no_correction,"Direct verification against Supplementary Table S2, PDF pages 4-7; no transcription change required."
FEAT-BIO39,Bio39,23:25,23.25,Methyl salicylate*,*,authentic-standard comparison stated,published_authentic_standard_supported,4,Grape-AlSir;Oleander-Haw;Hibiscus-Haw;Apple-Had,Pomegranate-Haw;G. foxtail-Haw;Taif rose-Had;Taif rose-Haw;Radish-Haw;Alfalfa-Haw;Lemon-khal;Vinca-Haw;Mint-khal;Zucchini-Haw;Feed-Haw,source_evidence/published/insects-2378901-supplementary.pdf,Supplementary Table S2,5,published_supported,true,methyl salicylate,23.246,23.218–23.328,all!row 41,strong_rt_reconstruction,false,RT proximity is not identity proof. Historical names do not upgrade published confidence.,76x84_to_63x81_incomplete,Methyl salicylate*,Methyl salicylate,verified_no_correction,"Direct verification against Supplementary Table S2, PDF pages 4-7; no transcription change required."
FEAT-BIO66,Bio66,41:32,41.32,"2,2,4-Trimethylpentane-1,3-diyl bis(2-methylpropanoate) (TXIB)??",??,tentative NIST reverse match 800–700,published_tentative_identification,4,Pomegranate-Haw;Grape-AlSir;Zucchini-Haw;Feed-Haw,G. foxtail-Haw;Oleander-Haw;Taif rose-Had;Taif rose-Haw;Radish-Haw;Alfalfa-Haw;Hibiscus-Haw;Lemon-khal;Vinca-Haw;Mint-khal;Apple-Had,source_evidence/published/insects-2378901-supplementary.pdf,Supplementary Table S2,5,published_supported,true,,41.319,41.319–41.402,all!row 68,partial_rt_reconstruction,true,RT proximity is not identity proof. Historical names do not upgrade published confidence.,76x84_to_63x81_incomplete,"2,2,4-Trimethylpentane-1,3-diyl bis(2-methylpropanoate) (TXIB)??","2,2,4-Trimethylpentane-1,3-diyl bis(2-methylpropanoate) (TXIB)",verified_no_correction,"Direct verification against Supplementary Table S2, PDF pages 4-7; no transcription change required."
FEAT-BIO77,Bio77,55:60,55.6,Methyl pentacosanoate ??,??,tentative NIST reverse match 800–700,published_tentative_identification,2,Pomegranate-Haw;Oleander-Haw,Grape-AlSir;G. foxtail-Haw;Taif rose-Had;Taif rose-Haw;Radish-Haw;Alfalfa-Haw;Hibiscus-Haw;Lemon-khal;Vinca-Haw;Mint-khal;Zucchini-Haw;Feed-Haw;Apple-Had,source_evidence/published/insects-2378901-supplementary.pdf,Supplementary Table S2,5,published_supported,true,,55.596,55.596–55.596,all!row 77,strong_rt_reconstruction,false,RT proximity is not identity proof. Historical names do not upgrade published confidence.,76x84_to_63x81_incomplete,Methyl pentacosanoate ??,Methyl pentacosanoate,verified_no_correction,"Direct verification against Supplementary Table S2, PDF pages 4-7; no transcription change required."
FEAT-BIO78,Bio78,55:89,55.89,Methyl hexadecanoate ??,??,tentative NIST reverse match 800–700,published_tentative_identification,1,Grape-AlSir,Pomegranate-Haw;G. foxtail-Haw;Oleander-Haw;Taif rose-Had;Taif rose-Haw;Radish-Haw;Alfalfa-Haw;Hibiscus-Haw;Lemon-khal;Vinca-Haw;Mint-khal;Zucchini-Haw;Feed-Haw;Apple-Had,source_evidence/published/insects-2378901-supplementary.pdf,Supplementary Table S2,5,published_supported,true,,55.844,55.816–55.926,all!row 79,partial_rt_reconstruction,false,RT proximity is not identity proof. Historical names do not upgrade published confidence.,76x84_to_63x81_incomplete,Methyl hexadecanoate ??,Methyl hexadecanoate,verified_no_correction,"Direct verification against Supplementary Table S2, PDF pages 4-7; no transcription change required."
FEAT-BIO81,Bio81,58:84,58.84,Isopropyl palmitate ?,?,tentative NIST reverse match 990–850,published_tentative_identification,1,Grape-AlSir,Pomegranate-Haw;G. foxtail-Haw;Oleander-Haw;Taif rose-Had;Taif rose-Haw;Radish-Haw;Alfalfa-Haw;Hibiscus-Haw;Lemon-khal;Vinca-Haw;Mint-khal;Zucchini-Haw;Feed-Haw;Apple-Had,source_evidence/published/insects-2378901-supplementary.pdf,Supplementary Table S2,5,published_supported,true,,58.842,58.801–58.924,all!row 83,strong_rt_reconstruction,false,RT proximity is not identity proof. Historical names do not upgrade published confidence.,76x84_to_63x81_incomplete,Isopropyl palmitate ?,Isopropyl palmitate,verified_no_correction,"Direct verification against Supplementary Table S2, PDF pages 4-7; no transcription change required."
FEAT-BIO15,Bio15,13:64,13.64,Decane ?,?,tentative NIST reverse match 990–850,published_tentative_identification,2,Pomegranate-Haw;Apple-Had,Grape-AlSir;G. foxtail-Haw;Oleander-Haw;Taif rose-Had;Taif rose-Haw;Radish-Haw;Alfalfa-Haw;Hibiscus-Haw;Lemon-khal;Vinca-Haw;Mint-khal;Zucchini-Haw;Feed-Haw,source_evidence/published/insects-2378901-supplementary.pdf,Supplementary Table S2,5,published_supported,true,,13.59,13.515–13.645,all!row 15,candidate_or_unresolved,false,RT proximity is not identity proof. Historical names do not upgrade published confidence.,76x84_to_63x81_incomplete,Decane ?,Decane,verified_no_correction,"Direct verification against Supplementary Table S2, PDF pages 4-7; no transcription change required."
FEAT-BIO30,Bio30,18:62,18.62,"4,5-Dimethyl-nonane ??",??,tentative NIST reverse match 800–700,published_tentative_identification,14,Pomegranate-Haw;Grape-AlSir;G. foxtail-Haw;Oleander-Haw;Taif rose-Had;Taif rose-Haw;Radish-Haw;Alfalfa-Haw;Hibiscus-Haw;Lemon-khal;Vinca-Haw;Mint-khal;Zucchini-Haw;Feed-Haw,Apple-Had,source_evidence/published/insects-2378901-supplementary.pdf,Supplementary Table S2,5,published_supported,true,"4,5-dimethyl nonane; 4,5-dimethyl nonane; 4,5-dimethyl nonane; 4,5-dimethyl nonane; 4,5-dimethyl nonane; 4,5-dimethyl nonane; 4,5-dimethyl nonane; 4,5-dimethyl nonane",18.624,18.474–18.652,all!row 32,strong_rt_reconstruction,false,RT proximity is not identity proof. Historical names do not upgrade published confidence.,76x84_to_63x81_incomplete,"4,5-Dimethyl-nonane ??","4,5-Dimethyl-nonane",verified_no_correction,"Direct verification against Supplementary Table S2, PDF pages 4-7; no transcription change required."
FEAT-BIO40,Bio40,23:69,23.69,Dodecane ??,??,tentative NIST reverse match 800–700,published_tentative_identification,11,Pomegranate-Haw;Grape-AlSir;G. foxtail-Haw;Oleander-Haw;Taif rose-Haw;Alfalfa-Haw;Hibiscus-Haw;Vinca-Haw;Zucchini-Haw;Feed-Haw;Apple-Had,Taif rose-Had;Radish-Haw;Lemon-khal;Mint-khal,source_evidence/published/insects-2378901-supplementary.pdf,Supplementary Table S2,5,published_supported,true,unknown- dodecane; dodecane,23.686,23.557–23.714,all!row 42,strong_rt_reconstruction,false,RT proximity is not identity proof. Historical names do not upgrade published confidence.,76x84_to_63x81_incomplete,Dodecane ??,Dodecane,verified_no_correction,"Direct verification against Supplementary Table S2, PDF pages 4-7; no transcription change required."
FEAT-BIO43,Bio43,26:88,26.88,1-Chloro-decane ?,?,tentative NIST reverse match 990–850,published_tentative_identification,5,Pomegranate-Haw;Grape-AlSir;Taif rose-Had;Taif rose-Haw;Alfalfa-Haw,G. foxtail-Haw;Oleander-Haw;Radish-Haw;Hibiscus-Haw;Lemon-khal;Vinca-Haw;Mint-khal;Zucchini-Haw;Feed-Haw;Apple-Had,source_evidence/published/insects-2378901-supplementary.pdf,Supplementary Table S2,5,published_supported,true,,26.877,26.74–26.956,all!row 45,strong_rt_reconstruction,false,RT proximity is not identity proof. Historical names do not upgrade published confidence.,76x84_to_63x81_incomplete,1-Chloro-decane ?,1-Chloro-decane,verified_no_correction,"Direct verification against Supplementary Table S2, PDF pages 4-7; no transcription change required."
FEAT-BIO44,Bio44,27:26,27.26,"4,6-Dimethyl-dodecane ?",?,tentative NIST reverse match 990–850,published_tentative_identification,2,Pomegranate-Haw;Apple-Had,Grape-AlSir;G. foxtail-Haw;Oleander-Haw;Taif rose-Had;Taif rose-Haw;Radish-Haw;Alfalfa-Haw;Hibiscus-Haw;Lemon-khal;Vinca-Haw;Mint-khal;Zucchini-Haw;Feed-Haw,source_evidence/published/insects-2378901-supplementary.pdf,Supplementary Table S2,5,published_supported,true,,27.29,27.262–27.29,all!row 46,partial_rt_reconstruction,false,RT proximity is not identity proof. Historical names do not upgrade published confidence.,76x84_to_63x81_incomplete,"4,6-Dimethyl-dodecane ?","4,6-Dimethyl-dodecane",verified_no_correction,"Direct verification against Supplementary Table S2, PDF pages 4-7; no transcription change required."
FEAT-BIO45,Bio45,28:55,28.55,Tridecane ??,??,tentative NIST reverse match 800–700,published_tentative_identification,7,Pomegranate-Haw;Grape-AlSir;G. foxtail-Haw;Oleander-Haw;Taif rose-Haw;Alfalfa-Haw;Feed-Haw,Taif rose-Had;Radish-Haw;Hibiscus-Haw;Lemon-khal;Vinca-Haw;Mint-khal;Zucchini-Haw;Apple-Had,source_evidence/published/insects-2378901-supplementary.pdf,Supplementary Table S2,5,published_supported,true,,28.527,28.5–28.555,all!row 47,partial_rt_reconstruction,false,RT proximity is not identity proof. Historical names do not upgrade published confidence.,76x84_to_63x81_incomplete,Tridecane ??,Tridecane,verified_no_correction,"Direct verification against Supplementary Table S2, PDF pages 4-7; no transcription change required."
FEAT-BIO47,Bio47,29:41,29.41,Pentadecane*,*,authentic-standard comparison stated,published_authentic_standard_supported,1,Apple-Had,Pomegranate-Haw;Grape-AlSir;G. foxtail-Haw;Oleander-Haw;Taif rose-Had;Taif rose-Haw;Radish-Haw;Alfalfa-Haw;Hibiscus-Haw;Lemon-khal;Vinca-Haw;Mint-khal;Zucchini-Haw;Feed-Haw,source_evidence/published/insects-2378901-supplementary.pdf,Supplementary Table S2,5,published_supported,true,,29.518,29.49–29.518,all!row 49,candidate_or_unresolved,true,RT proximity is not identity proof. Historical names do not upgrade published confidence.,76x84_to_63x81_incomplete,Pentadecane*,Pentadecane,verified_no_correction,"Direct verification against Supplementary Table S2, PDF pages 4-7; no transcription change required."
FEAT-BIO48,Bio48,29:52,29.52,"4,7-Dimethyl-undecane ??",??,tentative NIST reverse match 800–700,published_tentative_identification,1,Pomegranate-Haw,Grape-AlSir;G. foxtail-Haw;Oleander-Haw;Taif rose-Had;Taif rose-Haw;Radish-Haw;Alfalfa-Haw;Hibiscus-Haw;Lemon-khal;Vinca-Haw;Mint-khal;Zucchini-Haw;Feed-Haw;Apple-Had,source_evidence/published/insects-2378901-supplementary.pdf,Supplementary Table S2,5,published_supported,true,,29.518,29.49–29.518,all!row 49,partial_rt_reconstruction,true,RT proximity is not identity proof. Historical names do not upgrade published confidence.,76x84_to_63x81_incomplete,"4,7-Dimethyl-undecane ??","4,7-Dimethyl-undecane",verified_no_correction,"Direct verification against Supplementary Table S2, PDF pages 4-7; no transcription change required."
FEAT-BIO50,Bio50,33:15,33.15,Tetradecane ??,??,tentative NIST reverse match 800–700,published_tentative_identification,13,Pomegranate-Haw;Grape-AlSir;G. foxtail-Haw;Oleander-Haw;Taif rose-Haw;Alfalfa-Haw;Hibiscus-Haw;Lemon-khal;Vinca-Haw;Mint-khal;Zucchini-Haw;Feed-Haw;Apple-Had,Taif rose-Had;Radish-Haw,source_evidence/published/insects-2378901-supplementary.pdf,Supplementary Table S2,5,published_supported,true,"unknown; unknown/4,7-dimethylundecane",33.149,33.02–33.177,all!row 50,partial_rt_reconstruction,true,RT proximity is not identity proof. Historical names do not upgrade published confidence.,76x84_to_63x81_incomplete,Tetradecane ??,Tetradecane,verified_no_correction,"Direct verification against Supplementary Table S2, PDF pages 4-7; no transcription change required."
FEAT-BIO60,Bio60,36:97,36.97,"3,8-Dimethyl-undecane ??",??,tentative NIST reverse match 800–700,published_tentative_identification,2,Pomegranate-Haw;Alfalfa-Haw,Grape-AlSir;G. foxtail-Haw;Oleander-Haw;Taif rose-Had;Taif rose-Haw;Radish-Haw;Hibiscus-Haw;Lemon-khal;Vinca-Haw;Mint-khal;Zucchini-Haw;Feed-Haw;Apple-Had,source_evidence/published/insects-2378901-supplementary.pdf,Supplementary Table S2,5,published_supported,true,aciphyllene/longifolene  C15H24,36.973,36.945–37.11,all!row 61,strong_rt_reconstruction,false,RT proximity is not identity proof. Historical names do not upgrade published confidence.,76x84_to_63x81_incomplete,"3,8-Dimethyl-undecane ??","3,8-Dimethyl-undecane",verified_no_correction,"Direct verification against Supplementary Table S2, PDF pages 4-7; no transcription change required."
FEAT-BIO63,Bio63,37:58,37.58,Hexadecane ?,?,tentative NIST reverse match 990–850,published_tentative_identification,9,Pomegranate-Haw;Grape-AlSir;G. foxtail-Haw;Oleander-Haw;Taif rose-Haw;Alfalfa-Haw;Vinca-Haw;Zucchini-Haw;Feed-Haw,Taif rose-Had;Radish-Haw;Hibiscus-Haw;Lemon-khal;Mint-khal;Apple-Had,source_evidence/published/insects-2378901-supplementary.pdf,Supplementary Table S2,5,published_supported,true,,37.578,37.55–37.665,all!row 64,strong_rt_reconstruction,false,RT proximity is not identity proof. Historical names do not upgrade published confidence.,76x84_to_63x81_incomplete,Hexadecane ?,Hexadecane,verified_no_correction,"Direct verification against Supplementary Table S2, PDF pages 4-7; no transcription change required."
FEAT-BIO65,Bio65,38:98,38.98,Nonadecane ?,?,tentative NIST reverse match 990–850,published_tentative_identification,2,Pomegranate-Haw;Oleander-Haw,Grape-AlSir;G. foxtail-Haw;Taif rose-Had;Taif rose-Haw;Radish-Haw;Alfalfa-Haw;Hibiscus-Haw;Lemon-khal;Vinca-Haw;Mint-khal;Zucchini-Haw;Feed-Haw;Apple-Had,source_evidence/published/insects-2378901-supplementary.pdf,Supplementary Table S2,5,published_supported,true,,38.981,38.981–38.981,all!row 66,strong_rt_reconstruction,false,RT proximity is not identity proof. Historical names do not upgrade published confidence.,76x84_to_63x81_incomplete,Nonadecane ?,Nonadecane,verified_no_correction,"Direct verification against Supplementary Table S2, PDF pages 4-7; no transcription change required."
FEAT-BIO68,Bio68,41:95,41.95,"2,6,10,15-Tetramethylheptadecane ??",??,tentative NIST reverse match 800–700,published_tentative_identification,13,Pomegranate-Haw;Grape-AlSir;G. foxtail-Haw;Oleander-Haw;Taif rose-Haw;Alfalfa-Haw;Hibiscus-Haw;Lemon-khal;Vinca-Haw;Mint-khal;Zucchini-Haw;Feed-Haw;Apple-Had,Taif rose-Had;Radish-Haw,source_evidence/published/insects-2378901-supplementary.pdf,Supplementary Table S2,5,published_supported,true,heptacosane; tetra-tetra……,41.952,41.81–41.979,all!row 69,strong_rt_reconstruction,false,RT proximity is not identity proof. Historical names do not upgrade published confidence.,76x84_to_63x81_incomplete,"2,6,10,15-Tetramethylheptadecane ??","2,6,10,15-Tetramethylheptadecane",verified_no_correction,"Direct verification against Supplementary Table S2, PDF pages 4-7; no transcription change required."
FEAT-BIO71,Bio71,46:27,46.27,Heptacosane ?,?,tentative NIST reverse match 990–850,published_tentative_identification,12,Pomegranate-Haw;Grape-AlSir;G. foxtail-Haw;Oleander-Haw;Taif rose-Haw;Alfalfa-Haw;Hibiscus-Haw;Lemon-khal;Vinca-Haw;Mint-khal;Zucchini-Haw;Feed-Haw,Taif rose-Had;Radish-Haw;Apple-Had,source_evidence/published/insects-2378901-supplementary.pdf,Supplementary Table S2,5,published_supported,true,unknown,46.271,46.128–46.353,all!row 73,strong_rt_reconstruction,false,RT proximity is not identity proof. Historical names do not upgrade published confidence.,76x84_to_63x81_incomplete,Heptacosane ?,Heptacosane,verified_no_correction,"Direct verification against Supplementary Table S2, PDF pages 4-7; no transcription change required."
FEAT-BIO72,Bio72,48:03,48.03,Tetracosane ?,?,tentative NIST reverse match 990–850,published_tentative_identification,1,Pomegranate-Haw,Grape-AlSir;G. foxtail-Haw;Oleander-Haw;Taif rose-Had;Taif rose-Haw;Radish-Haw;Alfalfa-Haw;Hibiscus-Haw;Lemon-khal;Vinca-Haw;Mint-khal;Zucchini-Haw;Feed-Haw;Apple-Had,source_evidence/published/insects-2378901-supplementary.pdf,Supplementary Table S2,5,published_supported,true,,48.031,48.031–48.031,all!row 74,strong_rt_reconstruction,false,RT proximity is not identity proof. Historical names do not upgrade published confidence.,76x84_to_63x81_incomplete,Tetracosane ?,Tetracosane,verified_no_correction,"Direct verification against Supplementary Table S2, PDF pages 4-7; no transcription change required."
FEAT-BIO74,Bio74,50:35,50.35,Docosane ??,??,tentative NIST reverse match 800–700,published_tentative_identification,1,Apple-Had,Pomegranate-Haw;Grape-AlSir;G. foxtail-Haw;Oleander-Haw;Taif rose-Had;Taif rose-Haw;Radish-Haw;Alfalfa-Haw;Hibiscus-Haw;Lemon-khal;Vinca-Haw;Mint-khal;Zucchini-Haw;Feed-Haw,source_evidence/published/insects-2378901-supplementary.pdf,Supplementary Table S2,5,published_supported,true,unknown,50.479,50.341–50.644,all!row 75,candidate_or_unresolved,true,RT proximity is not identity proof. Historical names do not upgrade published confidence.,76x84_to_63x81_incomplete,Docosane ??,Docosane,verified_no_correction,"Direct verification against Supplementary Table S2, PDF pages 4-7; no transcription change required."
FEAT-BIO75,Bio75,50:48,50.48,Octacosane ??,??,tentative NIST reverse match 800–700,published_tentative_identification,12,Pomegranate-Haw;Grape-AlSir;G. foxtail-Haw;Oleander-Haw;Taif rose-Haw;Alfalfa-Haw;Hibiscus-Haw;Lemon-khal;Vinca-Haw;Mint-khal;Zucchini-Haw;Feed-Haw,Taif rose-Had;Radish-Haw;Apple-Had,source_evidence/published/insects-2378901-supplementary.pdf,Supplementary Table S2,5,published_supported,true,unknown,50.479,50.341–50.644,all!row 75,partial_rt_reconstruction,true,RT proximity is not identity proof. Historical names do not upgrade published confidence.,76x84_to_63x81_incomplete,Octacosane ??,Octacosane,verified_no_correction,"Direct verification against Supplementary Table S2, PDF pages 4-7; no transcription change required."
FEAT-BIO80,Bio80,58:15,58.15,Tetratetracontane ?,?,tentative NIST reverse match 990–850,published_tentative_identification,3,Pomegranate-Haw;Grape-AlSir;Oleander-Haw,G. foxtail-Haw;Taif rose-Had;Taif rose-Haw;Radish-Haw;Alfalfa-Haw;Hibiscus-Haw;Lemon-khal;Vinca-Haw;Mint-khal;Zucchini-Haw;Feed-Haw;Apple-Had,source_evidence/published/insects-2378901-supplementary.pdf,Supplementary Table S2,6,published_supported,true,,58.154,58.044–58.155,all!row 82,strong_rt_reconstruction,false,RT proximity is not identity proof. Historical names do not upgrade published confidence.,76x84_to_63x81_incomplete,Tetratetracontane ?,Tetratetracontane,verified_no_correction,"Direct verification against Supplementary Table S2, PDF pages 4-7; no transcription change required."
FEAT-BIO67,Bio67,41:50,41.5,8-Heptadecene ?,?,tentative NIST reverse match 990–850,published_tentative_identification,1,Apple-Had,Pomegranate-Haw;Grape-AlSir;G. foxtail-Haw;Oleander-Haw;Taif rose-Had;Taif rose-Haw;Radish-Haw;Alfalfa-Haw;Hibiscus-Haw;Lemon-khal;Vinca-Haw;Mint-khal;Zucchini-Haw;Feed-Haw,source_evidence/published/insects-2378901-supplementary.pdf,Supplementary Table S2,6,published_supported,true,,41.319,41.319–41.402,all!row 68,candidate_or_unresolved,true,RT proximity is not identity proof. Historical names do not upgrade published confidence.,76x84_to_63x81_incomplete,8-Heptadecene ?,8-Heptadecene,verified_no_correction,"Direct verification against Supplementary Table S2, PDF pages 4-7; no transcription change required."
FEAT-BIO73,Bio73,50:05,50.05,E-9-Eicosene ?,?,tentative NIST reverse match 990–850,published_tentative_identification,1,Apple-Had,Pomegranate-Haw;Grape-AlSir;G. foxtail-Haw;Oleander-Haw;Taif rose-Had;Taif rose-Haw;Radish-Haw;Alfalfa-Haw;Hibiscus-Haw;Lemon-khal;Vinca-Haw;Mint-khal;Zucchini-Haw;Feed-Haw,source_evidence/published/insects-2378901-supplementary.pdf,Supplementary Table S2,6,published_supported,true,unknown,50.479,50.341–50.644,all!row 75,candidate_or_unresolved,true,RT proximity is not identity proof. Historical names do not upgrade published confidence.,76x84_to_63x81_incomplete,E-9-Eicosene ?,E-9-Eicosene,verified_no_correction,"Direct verification against Supplementary Table S2, PDF pages 4-7; no transcription change required."
FEAT-BIO1,Bio1,8:80,8.8,β-methyl-Benzeneethanamine ??,??,tentative NIST reverse match 800–700,published_tentative_identification,1,Pomegranate-Haw,Grape-AlSir;G. foxtail-Haw;Oleander-Haw;Taif rose-Had;Taif rose-Haw;Radish-Haw;Alfalfa-Haw;Hibiscus-Haw;Lemon-khal;Vinca-Haw;Mint-khal;Zucchini-Haw;Feed-Haw;Apple-Had,source_evidence/published/insects-2378901-supplementary.pdf,Supplementary Table S2,6,published_supported,true,,8.79,8.721–8.804,all!row 2,partial_rt_reconstruction,false,RT proximity is not identity proof. Historical names do not upgrade published confidence.,76x84_to_63x81_incomplete,β-methyl-Benzeneethanamine ??,β-methyl-Benzeneethanamine,verified_no_correction,"Direct verification against Supplementary Table S2, PDF pages 4-7; no transcription change required."
FEAT-BIO38,Bio38,22:59,22.59,Azulene*,*,authentic-standard comparison stated,published_authentic_standard_supported,7,Grape-AlSir;Oleander-Haw;Taif rose-Had;Taif rose-Haw;Alfalfa-Haw;Hibiscus-Haw;Apple-Had,Pomegranate-Haw;G. foxtail-Haw;Radish-Haw;Lemon-khal;Vinca-Haw;Mint-khal;Zucchini-Haw;Feed-Haw,source_evidence/published/insects-2378901-supplementary.pdf,Supplementary Table S2,6,published_supported,true,,22.613,22.393–22.668,all!row 40,partial_rt_reconstruction,false,RT proximity is not identity proof. Historical names do not upgrade published confidence.,76x84_to_63x81_incomplete,Azulene*,Azulene,verified_no_correction,"Direct verification against Supplementary Table S2, PDF pages 4-7; no transcription change required."
FEAT-BIO41,Bio41,24:73,24.73,Benzothiazole ??,??,tentative NIST reverse match 800–700,published_tentative_identification,2,Oleander-Haw;Hibiscus-Haw,Pomegranate-Haw;Grape-AlSir;G. foxtail-Haw;Taif rose-Had;Taif rose-Haw;Radish-Haw;Alfalfa-Haw;Lemon-khal;Vinca-Haw;Mint-khal;Zucchini-Haw;Feed-Haw;Apple-Had,source_evidence/published/insects-2378901-supplementary.pdf,Supplementary Table S2,6,published_supported,true,,24.731,24.704–24.814,all!row 43,strong_rt_reconstruction,false,RT proximity is not identity proof. Historical names do not upgrade published confidence.,76x84_to_63x81_incomplete,Benzothiazole ??,Benzothiazole,verified_no_correction,"Direct verification against Supplementary Table S2, PDF pages 4-7; no transcription change required."
FEAT-BIO42,Bio42,26:71,26.71,Caprolactam*,*,authentic-standard comparison stated,published_authentic_standard_supported,3,Pomegranate-Haw;G. foxtail-Haw;Hibiscus-Haw,Grape-AlSir;Oleander-Haw;Taif rose-Had;Taif rose-Haw;Radish-Haw;Alfalfa-Haw;Lemon-khal;Vinca-Haw;Mint-khal;Zucchini-Haw;Feed-Haw;Apple-Had,source_evidence/published/insects-2378901-supplementary.pdf,Supplementary Table S2,6,published_supported,true,carbolactam,26.712,26.629–26.904,all!row 44,strong_rt_reconstruction,false,RT proximity is not identity proof. Historical names do not upgrade published confidence.,76x84_to_63x81_incomplete,Caprolactam*,Caprolactam,verified_no_correction,"Direct verification against Supplementary Table S2, PDF pages 4-7; no transcription change required."
FEAT-BIO49,Bio49,32:68,32.68,1-Tetradecanol ?,?,tentative NIST reverse match 990–850,published_tentative_identification,1,Apple-Had,Pomegranate-Haw;Grape-AlSir;G. foxtail-Haw;Oleander-Haw;Taif rose-Had;Taif rose-Haw;Radish-Haw;Alfalfa-Haw;Hibiscus-Haw;Lemon-khal;Vinca-Haw;Mint-khal;Zucchini-Haw;Feed-Haw,source_evidence/published/insects-2378901-supplementary.pdf,Supplementary Table S2,6,published_supported,true,"unknown; unknown/4,7-dimethylundecane",33.149,33.02–33.177,all!row 50,candidate_or_unresolved,true,RT proximity is not identity proof. Historical names do not upgrade published confidence.,76x84_to_63x81_incomplete,1-Tetradecanol ?,1-Tetradecanol,verified_no_correction,"Direct verification against Supplementary Table S2, PDF pages 4-7; no transcription change required."
FEAT-BIO51,Bio51,33:67,33.67,trans-Raphasatin ?,?,tentative NIST reverse match 990–850,published_tentative_identification,1,Radish-Haw,Pomegranate-Haw;Grape-AlSir;G. foxtail-Haw;Oleander-Haw;Taif rose-Had;Taif rose-Haw;Alfalfa-Haw;Hibiscus-Haw;Lemon-khal;Vinca-Haw;Mint-khal;Zucchini-Haw;Feed-Haw;Apple-Had,source_evidence/published/insects-2378901-supplementary.pdf,Supplementary Table S2,6,published_supported,true,trans-raphasatine,33.672,33.671–33.699,all!row 51,strong_rt_reconstruction,false,RT proximity is not identity proof. Historical names do not upgrade published confidence.,76x84_to_63x81_incomplete,trans-Raphasatin ?,trans-Raphasatin,verified_no_correction,"Direct verification against Supplementary Table S2, PDF pages 4-7; no transcription change required."
FEAT-BIO54,Bio54,34:69,34.69,cis-Raphasatin ?,?,tentative NIST reverse match 990–850,published_tentative_identification,1,Radish-Haw,Pomegranate-Haw;Grape-AlSir;G. foxtail-Haw;Oleander-Haw;Taif rose-Had;Taif rose-Haw;Alfalfa-Haw;Hibiscus-Haw;Lemon-khal;Vinca-Haw;Mint-khal;Zucchini-Haw;Feed-Haw;Apple-Had,source_evidence/published/insects-2378901-supplementary.pdf,Supplementary Table S2,6,published_supported,true,cis-raphasatine,34.689,34.607–34.717,all!row 55,strong_rt_reconstruction,false,RT proximity is not identity proof. Historical names do not upgrade published confidence.,76x84_to_63x81_incomplete,cis-Raphasatin ?,cis-Raphasatin,verified_no_correction,"Direct verification against Supplementary Table S2, PDF pages 4-7; no transcription change required."
FEAT-BIO6,Bio6,11:39,11.39,Bnz -6 ??,??,tentative NIST reverse match 800–700,published_tentative_identification,1,Pomegranate-Haw,Grape-AlSir;G. foxtail-Haw;Oleander-Haw;Taif rose-Had;Taif rose-Haw;Radish-Haw;Alfalfa-Haw;Hibiscus-Haw;Lemon-khal;Vinca-Haw;Mint-khal;Zucchini-Haw;Feed-Haw;Apple-Had,source_evidence/published/insects-2378901-supplementary.pdf,Supplementary Table S2,6,published_supported,true,,11.375499999999999,11.307–11.389,all!row 6,partial_rt_reconstruction,false,RT proximity is not identity proof. Historical names do not upgrade published confidence.,76x84_to_63x81_incomplete,Bnz -6 ??,Bnz -6,verified_no_correction,"Direct verification against Supplementary Table S2, PDF pages 4-7; no transcription change required."
FEAT-BIO7,Bio7,11:72,11.72,Bnz -7 ??,??,tentative NIST reverse match 800–700,published_tentative_identification,3,Pomegranate-Haw;Oleander-Haw;Feed-Haw,Grape-AlSir;G. foxtail-Haw;Taif rose-Had;Taif rose-Haw;Radish-Haw;Alfalfa-Haw;Hibiscus-Haw;Lemon-khal;Vinca-Haw;Mint-khal;Zucchini-Haw;Apple-Had,source_evidence/published/insects-2378901-supplementary.pdf,Supplementary Table S2,6,published_supported,true,"1-ethyl,2-methyl benzen",11.7335,10.509–11.83,all!row 7,partial_rt_reconstruction,false,RT proximity is not identity proof. Historical names do not upgrade published confidence.,76x84_to_63x81_incomplete,Bnz -7 ??,Bnz -7,verified_no_correction,"Direct verification against Supplementary Table S2, PDF pages 4-7; no transcription change required."
FEAT-BIO9,Bio9,12:13,12.13,Mesitylene*,*,authentic-standard comparison stated,published_authentic_standard_supported,7,Pomegranate-Haw;Grape-AlSir;Oleander-Haw;Lemon-khal;Mint-khal;Zucchini-Haw;Feed-Haw,G. foxtail-Haw;Taif rose-Had;Taif rose-Haw;Radish-Haw;Alfalfa-Haw;Hibiscus-Haw;Vinca-Haw;Apple-Had,source_evidence/published/insects-2378901-supplementary.pdf,Supplementary Table S2,6,published_supported,true,mesitylen; mesitylen; mesitylen,12.105,12.05–12.187,all!row 9,partial_rt_reconstruction,false,RT proximity is not identity proof. Historical names do not upgrade published confidence.,76x84_to_63x81_incomplete,Mesitylene*,Mesitylene,verified_no_correction,"Direct verification against Supplementary Table S2, PDF pages 4-7; no transcription change required."
FEAT-BIO11,Bio11,12:49,12.49,Bnz -11 ??,??,tentative NIST reverse match 800–700,published_tentative_identification,11,Pomegranate-Haw;Grape-AlSir;Oleander-Haw;Taif rose-Haw;Alfalfa-Haw;Lemon-khal;Mint-khal;Zucchini-Haw;Feed-Haw;Apple-Had,G. foxtail-Haw;Taif rose-Had;Radish-Haw;Hibiscus-Haw;Vinca-Haw,source_evidence/published/insects-2378901-supplementary.pdf,Supplementary Table S2,6,published_supported,true,"2-ethyl-4-methyl benzen; 1-ethyl-4-methyl benzen/1-ethyl-2-methyl benzen; 1-ethyl,2-methyl benzen; 1-ethyl,4-methyl benzen",12.462,12.297–12.545,all!row 11,partial_rt_reconstruction,false,RT proximity is not identity proof. Historical names do not upgrade published confidence.,76x84_to_63x81_incomplete,Bnz -11 ??,Bnz -11,verified_no_correction,"Direct verification against Supplementary Table S2, PDF pages 4-7; no transcription change required."
FEAT-BIO14,Bio14,13:26,13.26,Bnz -14 ??,??,tentative NIST reverse match 800–700,published_tentative_identification,13,Pomegranate-Haw;Grape-AlSir;G. foxtail-Haw;Oleander-Haw;Taif rose-Haw;Radish-Haw;Alfalfa-Haw;Hibiscus-Haw;Lemon-khal;Mint-khal;Zucchini-Haw;Feed-Haw;Apple-Had,Taif rose-Had;Vinca-Haw,source_evidence/published/insects-2378901-supplementary.pdf,Supplementary Table S2,6,published_supported,true,alpha pinene; mesitylen; mesitylen; mesitylen,13.205,13.095–13.288,all!row 14,candidate_or_unresolved,false,RT proximity is not identity proof. Historical names do not upgrade published confidence.,76x84_to_63x81_incomplete,Bnz -14 ??,Bnz -14,verified_no_correction,"Direct verification against Supplementary Table S2, PDF pages 4-7; no transcription change required."
FEAT-BIO16,Bio16,13:90,13.9,Bnz-16 ??,??,tentative NIST reverse match 800–700,published_tentative_identification,4,Oleander-Haw;Lemon-khal;Zucchini-Haw;Feed-Haw,Pomegranate-Haw;Grape-AlSir;G. foxtail-Haw;Taif rose-Had;Taif rose-Haw;Radish-Haw;Alfalfa-Haw;Hibiscus-Haw;Vinca-Haw;Mint-khal;Apple-Had,source_evidence/published/insects-2378901-supplementary.pdf,Supplementary Table S2,6,published_supported,true,,13.92,13.838–13.948,all!row 16,partial_rt_reconstruction,false,RT proximity is not identity proof. Historical names do not upgrade published confidence.,76x84_to_63x81_incomplete,Bnz-16 ??,Bnz-16,verified_no_correction,"Direct verification against Supplementary Table S2, PDF pages 4-7; no transcription change required."
FEAT-BIO18,Bio18,14:55,14.55,Bnz-18 ??,??,tentative NIST reverse match 800–700,published_tentative_identification,8,Pomegranate-Haw;Grape-AlSir;Oleander-Haw;Taif rose-Haw;Mint-khal;Zucchini-Haw;Feed-Haw;Apple-Had,G. foxtail-Haw;Taif rose-Had;Radish-Haw;Alfalfa-Haw;Hibiscus-Haw;Lemon-khal;Vinca-Haw,source_evidence/published/insects-2378901-supplementary.pdf,Supplementary Table S2,6,published_supported,true,mesitylen; mesitylen,14.525,14.47–14.553,all!row 18,partial_rt_reconstruction,false,RT proximity is not identity proof. Historical names do not upgrade published confidence.,76x84_to_63x81_incomplete,Bnz-18 ??,Bnz-18,verified_no_correction,"Direct verification against Supplementary Table S2, PDF pages 4-7; no transcription change required."
FEAT-BIO23,Bio23,16:04,16.04,Bnz -23 ??,??,tentative NIST reverse match 800–700,published_tentative_identification,4,Oleander-Haw;Mint-khal;Zucchini-Haw;Feed-Haw,Pomegranate-Haw;Grape-AlSir;G. foxtail-Haw;Taif rose-Had;Taif rose-Haw;Radish-Haw;Alfalfa-Haw;Hibiscus-Haw;Lemon-khal;Vinca-Haw;Apple-Had,source_evidence/published/insects-2378901-supplementary.pdf,Supplementary Table S2,6,published_supported,true,1-methyl-3-propyl benzen,16.038,15.983–16.066,all!row 24,strong_rt_reconstruction,false,RT proximity is not identity proof. Historical names do not upgrade published confidence.,76x84_to_63x81_incomplete,Bnz -23 ??,Bnz -23,verified_no_correction,"Direct verification against Supplementary Table S2, PDF pages 4-7; no transcription change required."
FEAT-BIO24,Bio24,16:37,16.37,Bnz -24 ??,??,tentative NIST reverse match 800–700,published_tentative_identification,9,Pomegranate-Haw;Grape-AlSir;Oleander-Haw;Taif rose-Haw;Lemon-khal;Mint-khal;Zucchini-Haw;Feed-Haw;Apple-Had,G. foxtail-Haw;Taif rose-Had;Radish-Haw;Alfalfa-Haw;Hibiscus-Haw;Vinca-Haw,source_evidence/published/insects-2378901-supplementary.pdf,Supplementary Table S2,6,published_supported,true,"1-ethyl-2,4-dimethyl benzen; 4-ethyl-1,2-dimethyl benzen; 1-ethyl-2,4-dimethyl benzene",16.369,16.204–16.396,all!row 25,strong_rt_reconstruction,false,RT proximity is not identity proof. Historical names do not upgrade published confidence.,76x84_to_63x81_incomplete,Bnz -24 ??,Bnz -24,verified_no_correction,"Direct verification against Supplementary Table S2, PDF pages 4-7; no transcription change required."
FEAT-BIO26,Bio26,16:80,16.8,Bnz -26 ??,??,tentative NIST reverse match 800–700,published_tentative_identification,3,Pomegranate-Haw;Taif rose-Haw;Zucchini-Haw,Grape-AlSir;G. foxtail-Haw;Oleander-Haw;Taif rose-Had;Radish-Haw;Alfalfa-Haw;Hibiscus-Haw;Lemon-khal;Vinca-Haw;Mint-khal;Feed-Haw;Apple-Had,source_evidence/published/insects-2378901-supplementary.pdf,Supplementary Table S2,6,published_supported,true,ethyl-5-methyl hexanoate,16.795,16.636–16.839,all!row 27,strong_rt_reconstruction,false,RT proximity is not identity proof. Historical names do not upgrade published confidence.,76x84_to_63x81_incomplete,Bnz -26 ??,Bnz -26,verified_no_correction,"Direct verification against Supplementary Table S2, PDF pages 4-7; no transcription change required."
FEAT-BIO27,Bio27,17:24,17.24,Bnz -27 ??,??,tentative NIST reverse match 800–700,published_tentative_identification,7,Grape-AlSir;Oleander-Haw;Taif rose-Haw;Lemon-khal;Mint-khal;Zucchini-Haw;Feed-Haw,Pomegranate-Haw;G. foxtail-Haw;Taif rose-Had;Radish-Haw;Alfalfa-Haw;Hibiscus-Haw;Vinca-Haw;Apple-Had,source_evidence/published/insects-2378901-supplementary.pdf,Supplementary Table S2,6,published_supported,true,,17.221,17.084–17.276,all!row 28,partial_rt_reconstruction,false,RT proximity is not identity proof. Historical names do not upgrade published confidence.,76x84_to_63x81_incomplete,Bnz -27 ??,Bnz -27,verified_no_correction,"Direct verification against Supplementary Table S2, PDF pages 4-7; no transcription change required."
FEAT-BIO28,Bio28,17:38,17.38,Bnz -28 ??,??,tentative NIST reverse match 800–700,published_tentative_identification,5,Grape-AlSir;Oleander-Haw;Taif rose-Haw;Zucchini-Haw;Feed-Haw,Pomegranate-Haw;G. foxtail-Haw;Taif rose-Had;Radish-Haw;Alfalfa-Haw;Hibiscus-Haw;Lemon-khal;Vinca-Haw;Mint-khal;Apple-Had,source_evidence/published/insects-2378901-supplementary.pdf,Supplementary Table S2,6,published_supported,true,"1-ethyl-2,4-dimethyl benzen",17.386,17.331–17.414,all!row 30,strong_rt_reconstruction,false,RT proximity is not identity proof. Historical names do not upgrade published confidence.,76x84_to_63x81_incomplete,Bnz -28 ??,Bnz -28,verified_no_correction,"Direct verification against Supplementary Table S2, PDF pages 4-7; no transcription change required."
FEAT-BIO29,Bio29,17:69,17.69,Bnz -29 ??,??,tentative NIST reverse match 800–700,published_tentative_identification,5,Grape-AlSir;Oleander-Haw;Taif rose-Haw;Zucchini-Haw;Feed-Haw,Pomegranate-Haw;G. foxtail-Haw;Taif rose-Had;Radish-Haw;Alfalfa-Haw;Hibiscus-Haw;Lemon-khal;Vinca-Haw;Mint-khal;Apple-Had,source_evidence/published/insects-2378901-supplementary.pdf,Supplementary Table S2,6,published_supported,true,"1-ethyl-2,4-dimethyl benzen",17.689,17.518–17.882,all!row 31,strong_rt_reconstruction,false,RT proximity is not identity proof. Historical names do not upgrade published confidence.,76x84_to_63x81_incomplete,Bnz -29 ??,Bnz -29,verified_no_correction,"Direct verification against Supplementary Table S2, PDF pages 4-7; no transcription change required."
FEAT-BIO32,Bio32,19:28,19.28,Bnz -32 ??,??,tentative NIST reverse match 800–700,published_tentative_identification,4,Grape-AlSir;Oleander-Haw;Lemon-khal;Feed-Haw,Pomegranate-Haw;G. foxtail-Haw;Taif rose-Had;Taif rose-Haw;Radish-Haw;Alfalfa-Haw;Hibiscus-Haw;Vinca-Haw;Mint-khal;Zucchini-Haw;Apple-Had,source_evidence/published/insects-2378901-supplementary.pdf,Supplementary Table S2,6,published_supported,true,"unknown-1,2,4,5-tetra methyl benzen; E-4,8-dimethyl nona-1,3,7-trien",19.284,19.229–19.422,all!row 34,strong_rt_reconstruction,false,RT proximity is not identity proof. Historical names do not upgrade published confidence.,76x84_to_63x81_incomplete,Bnz -32 ??,Bnz -32,verified_no_correction,"Direct verification against Supplementary Table S2, PDF pages 4-7; no transcription change required."
FEAT-BIO12,Bio12,12:97,12.97,UK-12,UK,unidentified; NIST reverse match below 700,unknown_feature_no_structure,2,Taif rose-Haw;Apple-Had,Pomegranate-Haw;Grape-AlSir;G. foxtail-Haw;Oleander-Haw;Taif rose-Had;Radish-Haw;Alfalfa-Haw;Hibiscus-Haw;Lemon-khal;Vinca-Haw;Mint-khal;Zucchini-Haw;Feed-Haw,source_evidence/published/insects-2378901-supplementary.pdf,Supplementary Table S2,6,published_supported,true,,12.985,12.879–13.012,all!row 12,partial_rt_reconstruction,false,RT proximity is not identity proof. Historical names do not upgrade published confidence.,76x84_to_63x81_incomplete,UK-12,UK-12,verified_no_correction,"Direct verification against Supplementary Table S2, PDF pages 4-7; no transcription change required."
FEAT-BIO25,Bio25,16:54,16.54,UK-25,UK,unidentified; NIST reverse match below 700,unknown_feature_no_structure,1,Taif rose-Haw,Pomegranate-Haw;Grape-AlSir;G. foxtail-Haw;Oleander-Haw;Taif rose-Had;Radish-Haw;Alfalfa-Haw;Hibiscus-Haw;Lemon-khal;Vinca-Haw;Mint-khal;Zucchini-Haw;Feed-Haw;Apple-Had,source_evidence/published/insects-2378901-supplementary.pdf,Supplementary Table S2,6,published_supported,true,,16.549,16.424–16.599,all!row 26,strong_rt_reconstruction,false,RT proximity is not identity proof. Historical names do not upgrade published confidence.,76x84_to_63x81_incomplete,UK-25,UK-25,verified_no_correction,"Direct verification against Supplementary Table S2, PDF pages 4-7; no transcription change required."
FEAT-BIO34,Bio34,20:72,20.72,UK-34,UK,unidentified; NIST reverse match below 700,unknown_feature_no_structure,1,Alfalfa-Haw,Pomegranate-Haw;Grape-AlSir;G. foxtail-Haw;Oleander-Haw;Taif rose-Had;Taif rose-Haw;Radish-Haw;Hibiscus-Haw;Lemon-khal;Vinca-Haw;Mint-khal;Zucchini-Haw;Feed-Haw;Apple-Had,source_evidence/published/insects-2378901-supplementary.pdf,Supplementary Table S2,6,published_supported,true,,20.715,20.633–20.77,all!row 36,strong_rt_reconstruction,false,RT proximity is not identity proof. Historical names do not upgrade published confidence.,76x84_to_63x81_incomplete,UK-34,UK-34,verified_no_correction,"Direct verification against Supplementary Table S2, PDF pages 4-7; no transcription change required."
FEAT-BIO35,Bio35,21:15,21.15,UK-35,UK,unidentified; NIST reverse match below 700,unknown_feature_no_structure,1,Zucchini-Haw,Pomegranate-Haw;Grape-AlSir;G. foxtail-Haw;Oleander-Haw;Taif rose-Had;Taif rose-Haw;Radish-Haw;Alfalfa-Haw;Hibiscus-Haw;Lemon-khal;Vinca-Haw;Mint-khal;Feed-Haw;Apple-Had,source_evidence/published/insects-2378901-supplementary.pdf,Supplementary Table S2,7,published_supported,true,,21.155,21.1–21.155,all!row 37,strong_rt_reconstruction,false,RT proximity is not identity proof. Historical names do not upgrade published confidence.,76x84_to_63x81_incomplete,UK-35,UK-35,verified_no_correction,"Direct verification against Supplementary Table S2, PDF pages 4-7; no transcription change required."
FEAT-BIO46,Bio46,28:86,28.86,UK-46,UK,unidentified; NIST reverse match below 700,unknown_feature_no_structure,1,Pomegranate-Haw,Grape-AlSir;G. foxtail-Haw;Oleander-Haw;Taif rose-Had;Taif rose-Haw;Radish-Haw;Alfalfa-Haw;Hibiscus-Haw;Lemon-khal;Vinca-Haw;Mint-khal;Zucchini-Haw;Feed-Haw;Apple-Had,source_evidence/published/insects-2378901-supplementary.pdf,Supplementary Table S2,7,published_supported,true,,28.858,28.819–28.885,all!row 48,strong_rt_reconstruction,false,RT proximity is not identity proof. Historical names do not upgrade published confidence.,76x84_to_63x81_incomplete,UK-46,UK-46,verified_no_correction,"Direct verification against Supplementary Table S2, PDF pages 4-7; no transcription change required."
FEAT-BIO58,Bio58,36:34,36.34,UK-58,UK,unidentified; NIST reverse match below 700,unknown_feature_no_structure,2,Pomegranate-Haw;Taif rose-Had,Grape-AlSir;G. foxtail-Haw;Oleander-Haw;Taif rose-Haw;Radish-Haw;Alfalfa-Haw;Hibiscus-Haw;Lemon-khal;Vinca-Haw;Mint-khal;Zucchini-Haw;Feed-Haw;Apple-Had,source_evidence/published/insects-2378901-supplementary.pdf,Supplementary Table S2,7,published_supported,true,,36.314,36.277–36.45,all!row 59,partial_rt_reconstruction,false,RT proximity is not identity proof. Historical names do not upgrade published confidence.,76x84_to_63x81_incomplete,UK-58,UK-58,verified_no_correction,"Direct verification against Supplementary Table S2, PDF pages 4-7; no transcription change required."
FEAT-BIO64,Bio64,38:18,38.18,UK-64,UK,unidentified; NIST reverse match below 700,unknown_feature_no_structure,1,Lemon-khal,Pomegranate-Haw;Grape-AlSir;G. foxtail-Haw;Oleander-Haw;Taif rose-Had;Taif rose-Haw;Radish-Haw;Alfalfa-Haw;Hibiscus-Haw;Vinca-Haw;Mint-khal;Zucchini-Haw;Feed-Haw;Apple-Had,source_evidence/published/insects-2378901-supplementary.pdf,Supplementary Table S2,7,published_supported,true,,38.183,38.156–38.183,all!row 65,strong_rt_reconstruction,false,RT proximity is not identity proof. Historical names do not upgrade published confidence.,76x84_to_63x81_incomplete,UK-64,UK-64,verified_no_correction,"Direct verification against Supplementary Table S2, PDF pages 4-7; no transcription change required."
FEAT-BIO69,Bio69,44:70,44.7,UK-69,UK,unidentified; NIST reverse match below 700,unknown_feature_no_structure,1,G. foxtail-Haw,Pomegranate-Haw;Grape-AlSir;Oleander-Haw;Taif rose-Had;Taif rose-Haw;Radish-Haw;Alfalfa-Haw;Hibiscus-Haw;Lemon-khal;Vinca-Haw;Mint-khal;Zucchini-Haw;Feed-Haw;Apple-Had,source_evidence/published/insects-2378901-supplementary.pdf,Supplementary Table S2,7,published_supported,true,,44.703,44.703–44.703,all!row 71,strong_rt_reconstruction,false,RT proximity is not identity proof. Historical names do not upgrade published confidence.,76x84_to_63x81_incomplete,UK-69,UK-69,verified_no_correction,"Direct verification against Supplementary Table S2, PDF pages 4-7; no transcription change required."
FEAT-BIO70,Bio70,46:16,46.16,UK-70,UK,unidentified; NIST reverse match below 700,unknown_feature_no_structure,2,Pomegranate-Haw;Apple-Had,Grape-AlSir;G. foxtail-Haw;Oleander-Haw;Taif rose-Had;Taif rose-Haw;Radish-Haw;Alfalfa-Haw;Hibiscus-Haw;Lemon-khal;Vinca-Haw;Mint-khal;Zucchini-Haw;Feed-Haw,source_evidence/published/insects-2378901-supplementary.pdf,Supplementary Table S2,7,published_supported,true,,46.161,46.147–46.184,all!row 72,strong_rt_reconstruction,false,RT proximity is not identity proof. Historical names do not upgrade published confidence.,76x84_to_63x81_incomplete,UK-70,UK-70,verified_no_correction,"Direct verification against Supplementary Table S2, PDF pages 4-7; no transcription change required."
FEAT-BIO76,Bio76,54:52,54.52,UK-76,UK,unidentified; NIST reverse match below 700,unknown_feature_no_structure,1,Pomegranate-Haw,Grape-AlSir;G. foxtail-Haw;Oleander-Haw;Taif rose-Had;Taif rose-Haw;Radish-Haw;Alfalfa-Haw;Hibiscus-Haw;Lemon-khal;Vinca-Haw;Mint-khal;Zucchini-Haw;Feed-Haw;Apple-Had,source_evidence/published/insects-2378901-supplementary.pdf,Supplementary Table S2,7,published_supported,true,,54.5235,54.481–54.688,all!row 76,strong_rt_reconstruction,false,RT proximity is not identity proof. Historical names do not upgrade published confidence.,76x84_to_63x81_incomplete,UK-76,UK-76,verified_no_correction,"Direct verification against Supplementary Table S2, PDF pages 4-7; no transcription change required."
FEAT-BIO79,Bio79,57:74,57.74,UK-79,UK,unidentified; NIST reverse match below 700,unknown_feature_no_structure,2,Grape-AlSir;Taif rose-Haw,Pomegranate-Haw;G. foxtail-Haw;Oleander-Haw;Taif rose-Had;Radish-Haw;Alfalfa-Haw;Hibiscus-Haw;Lemon-khal;Vinca-Haw;Mint-khal;Zucchini-Haw;Feed-Haw;Apple-Had,source_evidence/published/insects-2378901-supplementary.pdf,Supplementary Table S2,7,published_supported,true,,57.742,57.65–57.824,all!row 81,strong_rt_reconstruction,false,RT proximity is not identity proof. Historical names do not upgrade published confidence.,76x84_to_63x81_incomplete,UK-79,UK-79,verified_no_correction,"Direct verification against Supplementary Table S2, PDF pages 4-7; no transcription change required."
