PDB_ID,receptor_id,receptor_name,bio_id,ligand_name,evidence_tier,gcms_confidence,completed_seeds,rank1_seed_42,rank1_seed_2026,rank1_seed_104729,rank1_seed_271828,rank1_seed_314159,median_rank1_score,mean_rank1_score,rank1_score_sd,minimum_rank1_score,maximum_rank1_score,rank1_score_range,coefficient_of_variation_abs,overall_best_observed_score,pose_count,preparation_caveats,reproducibility_class,interpretation
4Z39,MVIC-OBP3,MvicOBP3,Bio13,6-Methyl-5-hepten-2-one,Tier B,?,5,-4.103,-4.13,-4.106,-4.132,-4.133,-4.13,-4.1208,0.014956603892595432,-4.133,-4.103,0.03000000000000025,0.0036295388984166743,-4.133,50,preserve documented stereochemistry,stable,predicted molecular docking; five seeds are computational repeats
4Z39,MVIC-OBP3,MvicOBP3,Bio17,2-Phenylpropanal,Tier A,*,5,-5.126,-5.111,-5.112,-5.11,-5.111,-5.111,-5.114,0.006745368781616167,-5.126,-5.11,0.016000000000000014,0.0013190005439218159,-5.126,50,stereochemistry unspecified: enumerate plausible stereoisomers and report separately; do not choose one silently,stable,predicted molecular docking; five seeds are computational repeats
4Z39,MVIC-OBP3,MvicOBP3,Bio20,D-Limonene,Tier A,*,5,-5.184,-5.208,-5.215,-5.215,-5.21,-5.21,-5.2064,0.012895735729302032,-5.215,-5.184,0.030999999999999694,0.00247690068556047,-5.215,50,preserve documented stereochemistry,stable,predicted molecular docking; five seeds are computational repeats
4Z39,MVIC-OBP3,MvicOBP3,Bio21,"Eucalyptol (1,8-cineole)",Tier A,*,5,-5.052,-5.031,-5.062,-5.063,-5.063,-5.062,-5.0542,0.013773162309361008,-5.063,-5.031,0.03200000000000003,0.002725092459610029,-5.063,50,preserve documented stereochemistry,stable,predicted molecular docking; five seeds are computational repeats
4Z39,MVIC-OBP3,MvicOBP3,Bio22,P-Cymene,Tier B,?,5,-5.307,-5.298,-5.311,-5.331,-5.292,-5.307,-5.3078,0.014956603892595594,-5.331,-5.292,0.03900000000000059,0.0028178537044718324,-5.331,50,preserve documented stereochemistry,stable,predicted molecular docking; five seeds are computational repeats
4Z39,MVIC-OBP3,MvicOBP3,Bio31,Nonanal,Tier A,*,5,-4.08,-4.156,-4.068,-3.998,-3.993,-4.068,-4.058999999999999,0.06709694478886487,-4.156,-3.993,0.1629999999999998,0.016530412611201004,-4.156,50,preserve documented stereochemistry,stable,predicted molecular docking; five seeds are computational repeats
4Z39,MVIC-OBP3,MvicOBP3,Bio36,L-menthone,Tier B,?,5,-5.151,-5.143,-5.144,-5.141,-5.14,-5.143,-5.143800000000001,0.004324349662087927,-5.151,-5.14,0.01100000000000012,0.0008406916408273896,-5.151,50,preserve documented stereochemistry,stable,predicted molecular docking; five seeds are computational repeats
4Z39,MVIC-OBP3,MvicOBP3,Bio38,Azulene,Tier A,*,5,-4.423,-4.415,-4.422,-4.403,-4.418,-4.418,-4.4162,0.008043631020876218,-4.423,-4.403,0.020000000000000462,0.0018213919253829579,-4.423,50,preserve documented stereochemistry,stable,predicted molecular docking; five seeds are computational repeats
4Z39,MVIC-OBP3,MvicOBP3,Bio39,Methyl salicylate,Tier A,*,5,-4.703,-4.731,-4.695,-4.717,-4.722,-4.717,-4.7136000000000005,0.014518953130305086,-4.731,-4.695,0.03599999999999959,0.003080225969599687,-4.731,50,preserve documented stereochemistry,stable,predicted molecular docking; five seeds are computational repeats
4Z39,MVIC-OBP3,MvicOBP3,Bio4,α-Thujene,Tier B,?,5,-4.862,-4.857,-4.866,-4.859,-4.861,-4.861,-4.861000000000001,0.003391164991562457,-4.866,-4.857,0.008999999999999453,0.0006976270297392422,-4.866,50,preserve documented stereochemistry,stable,predicted molecular docking; five seeds are computational repeats
4Z39,MVIC-OBP3,MvicOBP3,Bio42,Caprolactam,Tier A,*,5,-2.627,-2.597,-2.624,-2.64,-2.591,-2.624,-2.6158,0.02089736825535691,-2.64,-2.591,0.04899999999999993,0.007988901389768679,-2.64,50,preserve documented stereochemistry,variable,predicted molecular docking; five seeds are computational repeats
4Z39,MVIC-OBP3,MvicOBP3,Bio47,Pentadecane,Tier A,*,5,-4.414,-4.564,-4.529,-4.524,-4.464,-4.524,-4.499,0.05958187643906498,-4.564,-4.414,0.15000000000000036,0.013243359955337848,-4.564,50,preserve documented stereochemistry,stable,predicted molecular docking; five seeds are computational repeats
4Z39,MVIC-OBP3,MvicOBP3,Bio49,1-Tetradecanol,Tier B,?,5,-4.484,-4.404,-4.628,-4.616,-4.726,-4.616,-4.571599999999999,0.12723521525112458,-4.726,-4.404,0.32200000000000006,0.027831659648946672,-4.726,50,preserve documented stereochemistry,stable,predicted molecular docking; five seeds are computational repeats
4Z39,MVIC-OBP3,MvicOBP3,Bio51,trans-Raphasatin,Tier B,?,5,-3.576,-3.553,-3.516,-3.527,-3.553,-3.553,-3.5450000000000004,0.02373815494093842,-3.576,-3.516,0.06000000000000005,0.006696235526357805,-3.576,50,preserve documented stereochemistry,stable,predicted molecular docking; five seeds are computational repeats
4Z39,MVIC-OBP3,MvicOBP3,Bio53,α-Guaiene,Tier B,?,5,-4.918,-4.878,-4.633,-4.763,-4.697,-4.763,-4.7778,0.11980275455931726,-4.918,-4.633,0.28500000000000014,0.025074878512980295,-4.918,50,preserve documented stereochemistry,stable,predicted molecular docking; five seeds are computational repeats
4Z39,MVIC-OBP3,MvicOBP3,Bio55,Humulene,Tier B,?,5,-4.211,-4.168,-4.266,-4.278,-4.243,-4.243,-4.233200000000001,0.04450505589256107,-4.278,-4.168,0.10999999999999943,0.01051333645765876,-4.278,50,preserve documented stereochemistry,stable,predicted molecular docking; five seeds are computational repeats
4Z39,MVIC-OBP3,MvicOBP3,Bio56,(E)-β-Farnesene,Tier A,*,5,-5.454,-5.818,-5.554,-5.641,-5.5,-5.554,-5.5934,0.14354372156245626,-5.818,-5.454,0.3639999999999999,0.025663053163095122,-5.818,50,preserve documented stereochemistry,stable,predicted molecular docking; five seeds are computational repeats
4Z39,MVIC-OBP3,MvicOBP3,Bio59,β-Selinene,Tier B,?,5,-6.735,-6.732,-6.749,-6.739,-6.741,-6.739,-6.739199999999999,0.006496152707564429,-6.749,-6.732,0.01699999999999946,0.0009639352901775328,-6.749,50,preserve documented stereochemistry,stable,predicted molecular docking; five seeds are computational repeats
4Z39,MVIC-OBP3,MvicOBP3,Bio8,Benzaldehyde,Tier A,*,5,-4.227,-4.223,-4.227,-4.229,-4.237,-4.227,-4.2286,0.005176871642217944,-4.237,-4.223,0.014000000000000234,0.001224251913687259,-4.237,50,preserve documented stereochemistry,stable,predicted molecular docking; five seeds are computational repeats
4Z39,MVIC-OBP3,MvicOBP3,Bio9,Mesitylene,Tier A,*,5,-4.707,-4.695,-4.707,-4.709,-4.707,-4.707,-4.705,0.00565685424949215,-4.709,-4.695,0.013999999999999346,0.0012023069605721893,-4.709,50,preserve documented stereochemistry,stable,predicted molecular docking; five seeds are computational repeats
4Z45,NRIB-OBP3,NribOBP3,Bio13,6-Methyl-5-hepten-2-one,Tier B,?,5,-4.446,-4.598,-4.453,-4.416,-4.401,-4.446,-4.4628,0.07852833883382475,-4.598,-4.401,0.19700000000000006,0.017596203915439805,-4.598,50,preserve documented stereochemistry,stable,predicted molecular docking; five seeds are computational repeats
4Z45,NRIB-OBP3,NribOBP3,Bio17,2-Phenylpropanal,Tier A,*,5,-5.205,-5.185,-5.148,-5.222,-5.22,-5.205,-5.196,0.03065126424798841,-5.222,-5.148,0.07400000000000073,0.005899011595070902,-5.222,50,stereochemistry unspecified: enumerate plausible stereoisomers and report separately; do not choose one silently,stable,predicted molecular docking; five seeds are computational repeats
4Z45,NRIB-OBP3,NribOBP3,Bio20,D-Limonene,Tier A,*,5,-5.239,-5.218,-5.25,-5.221,-5.218,-5.221,-5.2292000000000005,0.014549914089093426,-5.25,-5.218,0.03200000000000003,0.00278243595370103,-5.25,50,preserve documented stereochemistry,stable,predicted molecular docking; five seeds are computational repeats
4Z45,NRIB-OBP3,NribOBP3,Bio21,"Eucalyptol (1,8-cineole)",Tier A,*,5,-5.375,-5.361,-5.361,-5.365,-5.368,-5.365,-5.366000000000001,0.005830951894845419,-5.375,-5.361,0.014000000000000234,0.0010866477627367531,-5.375,50,preserve documented stereochemistry,stable,predicted molecular docking; five seeds are computational repeats
4Z45,NRIB-OBP3,NribOBP3,Bio22,P-Cymene,Tier B,?,5,-5.404,-5.404,-5.389,-5.418,-5.416,-5.404,-5.4062,0.011627553482998943,-5.418,-5.389,0.028999999999999915,0.002150781229514066,-5.418,50,preserve documented stereochemistry,stable,predicted molecular docking; five seeds are computational repeats
4Z45,NRIB-OBP3,NribOBP3,Bio31,Nonanal,Tier A,*,5,-4.093,-4.226,-4.273,-4.343,-4.045,-4.226,-4.196,0.1243462906563762,-4.343,-4.045,0.29800000000000004,0.029634482997229792,-4.343,50,preserve documented stereochemistry,stable,predicted molecular docking; five seeds are computational repeats
4Z45,NRIB-OBP3,NribOBP3,Bio36,L-menthone,Tier B,?,5,-5.333,-5.34,-5.367,-5.358,-5.34,-5.34,-5.3476,0.014258330898109984,-5.367,-5.333,0.03399999999999981,0.002666304678380953,-5.367,50,preserve documented stereochemistry,stable,predicted molecular docking; five seeds are computational repeats
4Z45,NRIB-OBP3,NribOBP3,Bio38,Azulene,Tier A,*,5,-4.417,-4.448,-4.448,-4.387,-4.429,-4.429,-4.4258,0.02539094326723642,-4.448,-4.387,0.06100000000000083,0.005737029072085594,-4.448,50,preserve documented stereochemistry,stable,predicted molecular docking; five seeds are computational repeats
4Z45,NRIB-OBP3,NribOBP3,Bio39,Methyl salicylate,Tier A,*,5,-5.243,-5.24,-5.242,-5.245,-5.236,-5.242,-5.241200000000001,0.0034205262752975566,-5.245,-5.236,0.009000000000000341,0.0006526227343542616,-5.245,50,preserve documented stereochemistry,stable,predicted molecular docking; five seeds are computational repeats
4Z45,NRIB-OBP3,NribOBP3,Bio4,α-Thujene,Tier B,?,5,-5.021,-5.004,-5.03,-5.003,-5.016,-5.016,-5.014799999999999,0.011476062042355965,-5.03,-5.003,0.027000000000000135,0.00228843863012602,-5.03,50,preserve documented stereochemistry,stable,predicted molecular docking; five seeds are computational repeats
4Z45,NRIB-OBP3,NribOBP3,Bio42,Caprolactam,Tier A,*,5,-3.063,-2.991,-3.016,-3.068,-2.978,-3.016,-3.0232,0.04099634130016968,-3.068,-2.978,0.08999999999999986,0.013560578625353823,-3.068,50,preserve documented stereochemistry,stable,predicted molecular docking; five seeds are computational repeats
4Z45,NRIB-OBP3,NribOBP3,Bio47,Pentadecane,Tier A,*,5,-4.571,-4.501,-4.348,-4.569,-4.154,-4.501,-4.428599999999999,0.17827871437723575,-4.571,-4.154,0.4169999999999998,0.040256224174058566,-4.571,50,preserve documented stereochemistry,stable,predicted molecular docking; five seeds are computational repeats
4Z45,NRIB-OBP3,NribOBP3,Bio49,1-Tetradecanol,Tier B,?,5,-4.168,-4.282,-4.706,-4.455,-4.443,-4.443,-4.410799999999999,0.2035158470488233,-4.706,-4.168,0.5380000000000003,0.04614034802050044,-4.706,50,preserve documented stereochemistry,variable,predicted molecular docking; five seeds are computational repeats
4Z45,NRIB-OBP3,NribOBP3,Bio51,trans-Raphasatin,Tier B,?,5,-3.373,-3.497,-3.563,-3.476,-3.452,-3.476,-3.4721999999999995,0.06914260625692378,-3.563,-3.373,0.18999999999999995,0.01991319804646155,-3.563,50,preserve documented stereochemistry,stable,predicted molecular docking; five seeds are computational repeats
4Z45,NRIB-OBP3,NribOBP3,Bio53,α-Guaiene,Tier B,?,5,-4.497,-4.454,-4.564,-4.516,-4.543,-4.516,-4.514799999999999,0.042517055401332916,-4.564,-4.454,0.11000000000000032,0.009417262204601073,-4.564,50,preserve documented stereochemistry,stable,predicted molecular docking; five seeds are computational repeats
4Z45,NRIB-OBP3,NribOBP3,Bio55,Humulene,Tier B,?,5,-4.389,-4.086,-4.343,-4.322,-4.348,-4.343,-4.2976,0.12075305379161215,-4.389,-4.086,0.30299999999999994,0.028097788019269394,-4.389,50,preserve documented stereochemistry,stable,predicted molecular docking; five seeds are computational repeats
4Z45,NRIB-OBP3,NribOBP3,Bio56,(E)-β-Farnesene,Tier A,*,5,-5.265,-5.26,-4.904,-4.914,-5.394,-5.26,-5.147399999999999,0.22418697553604675,-5.394,-4.904,0.4900000000000002,0.043553439704714376,-5.394,50,preserve documented stereochemistry,variable,predicted molecular docking; five seeds are computational repeats
4Z45,NRIB-OBP3,NribOBP3,Bio59,β-Selinene,Tier B,?,5,-6.428,-6.479,-6.448,-6.472,-6.461,-6.461,-6.457600000000001,0.020280532537386774,-6.479,-6.428,0.051000000000000156,0.003140568096101767,-6.479,50,preserve documented stereochemistry,stable,predicted molecular docking; five seeds are computational repeats
4Z45,NRIB-OBP3,NribOBP3,Bio8,Benzaldehyde,Tier A,*,5,-4.576,-4.593,-4.563,-4.538,-4.42,-4.563,-4.537999999999999,0.06895288246331688,-4.593,-4.42,0.17300000000000004,0.015194553209192791,-4.593,50,preserve documented stereochemistry,stable,predicted molecular docking; five seeds are computational repeats
4Z45,NRIB-OBP3,NribOBP3,Bio9,Mesitylene,Tier A,*,5,-5.066,-5.059,-5.065,-5.067,-5.072,-5.066,-5.0658,0.0046583258795408,-5.072,-5.059,0.0129999999999999,0.0009195637173873425,-5.072,50,preserve documented stereochemistry,stable,predicted molecular docking; five seeds are computational repeats
