bio_id,published_annotation,confidence,canonical_candidate,pubchem_cid,smiles,inchikey,formula,molecular_weight,biological_contexts,evidence_tier,formal_charge,heavy_atom_count,rotatable_bonds,structural_definition,docking_suitability,preparation_caveat,production_panel_eligibility,production_panel_inclusion,inclusion_exclusion_rationale,gcms_confidence_unchanged,selection_basis
Bio8,Benzaldehyde*,*,Benzaldehyde,240,C1=CC=C(C=C1)C=O,HUMNYLRZRPPJDN-UHFFFAOYSA-N,C7H6O,106.12,Aphis craccivora | Leaves of Alfalfa; Aphis gossypii | Flower buds of hibiscus plant; Aphis illinoisensis | Leaves and stems of grape; Aphis nerii | Flowers of oleander; Aphis punicae | Leaves and stems of pomegranates; Hysteroneura setariae | Flower of green foxtail; Rhodobium porosum | Leaves and stems of Taif rose,Tier A,0,8,1,frozen Phase 5C.4 structure,SUITABLE_CORE,preserve documented stereochemistry,yes,yes,Authentic-standard-supported feature with a validated candidate structure and feasible small-molecule preparation.,yes,all structurally suitable Tier A candidates
Bio9,Mesitylene*,*,Mesitylene,7947,CC1=CC(=CC(=C1)C)C,AUHZEENZYGFFBQ-UHFFFAOYSA-N,C9H12,120.19,Aphis gossypii | Leaves of lemon; Aphis gossypii | Leaves of zucchini; Aphis gossypii | fresh Feed; Aphis gossypii | mint; Aphis illinoisensis | Leaves and stems of grape; Aphis nerii | Flowers of oleander; Aphis punicae | Leaves and stems of pomegranates,Tier A,0,9,0,frozen Phase 5C.4 structure,SUITABLE_CORE,preserve documented stereochemistry,yes,yes,Authentic-standard-supported feature with a validated candidate structure and feasible small-molecule preparation.,yes,all structurally suitable Tier A candidates
Bio17,α-Methyl-benzeneacetaldehyde*,*,2-Phenylpropanal,7146,CC(C=O)C1=CC=CC=C1,IQVAERDLDAZARL-UHFFFAOYSA-N,C9H10O,134.17,Aphis gossypii | Flower buds of hibiscus plant; Aphis gossypii | Leaves of lemon; Aphis gossypii | Leaves of zucchini; Aphis gossypii | fresh Feed; Aphis gossypii | mint; Aphis illinoisensis | Leaves and stems of grape; Aphis nerii | Flowers of oleander; Aphis punicae | Leaves and stems of pomegranates; Lipaphis pseudobrassicae | Leaves of radish; Rhodobium porosum | Leaves and stems of Taif rose,Tier A,0,10,2,constitutionally defined; stereochemistry unspecified,SUITABLE_WITH_CAVEAT,stereochemistry unspecified: enumerate plausible stereoisomers and report separately; do not choose one silently,yes,yes,Constitution is defensible but stereochemistry is unspecified; Phase 5D.2 must enumerate rather than invent stereoisomers.,yes,all structurally suitable Tier A candidates
Bio20,D-Limonene*,*,D-Limonene,440917,CC1=CC[C@@H](CC1)C(=C)C,XMGQYMWWDOXHJM-JTQLQIEISA-N,C10H16,136.23,Aphis craccivora | Leaves of Alfalfa; Aphis gossypii | Flower buds of hibiscus plant; Aphis gossypii | Leaves of lemon; Aphis gossypii | Leaves of vinca; Aphis gossypii | Leaves of zucchini; Aphis gossypii | fresh Feed; Aphis illinoisensis | Leaves and stems of grape; Aphis nerii | Flowers of oleander; Aphis punicae | Leaves and stems of pomegranates; Hysteroneura setariae | Flower of green foxtail; Lipaphis pseudobrassicae | Leaves of radish; Rhodobium porosum | Leaves and stems of Taif rose,Tier A,0,10,1,frozen Phase 5C.4 structure,SUITABLE_CORE,preserve documented stereochemistry,yes,yes,Authentic-standard-supported feature with a validated candidate structure and feasible small-molecule preparation.,yes,all structurally suitable Tier A candidates
Bio21,"Eucalyptol (1,8-cineole) *",*,"Eucalyptol (1,8-cineole)",2758,CC1(C2CCC(O1)(CC2)C)C,WEEGYLXZBRQIMU-UHFFFAOYSA-N,C10H18O,154.25,Aphis illinoisensis | Leaves and stems of grape,Tier A,0,11,0,frozen Phase 5C.4 structure,SUITABLE_CORE,preserve documented stereochemistry,yes,yes,Authentic-standard-supported feature with a validated candidate structure and feasible small-molecule preparation.,yes,all structurally suitable Tier A candidates
Bio31,Nonanal*,*,Nonanal,31289,CCCCCCCCC=O,GYHFUZHODSMOHU-UHFFFAOYSA-N,C9H18O,142.24,Aphis craccivora | Leaves of Alfalfa; Aphis gossypii | Flower buds of hibiscus plant; Aphis gossypii | Leaves of lemon; Aphis gossypii | Leaves of zucchini; Aphis gossypii | fresh Feed; Aphis illinoisensis | Leaves and stems of grape; Aphis nerii | Flowers of oleander; Aphis punicae | Leaves and stems of pomegranates; Lipaphis pseudobrassicae | Leaves of radish; Rhodobium porosum | Leaves and stems of Taif rose,Tier A,0,10,7,frozen Phase 5C.4 structure,SUITABLE_CORE,preserve documented stereochemistry,yes,yes,Authentic-standard-supported feature with a validated candidate structure and feasible small-molecule preparation.,yes,all structurally suitable Tier A candidates
Bio38,Azulene*,*,Azulene,9231,C1=CC=C2C=CC=C2C=C1,CUFNKYGDVFVPHO-UHFFFAOYSA-N,C10H8,128.17,Aphis craccivora | Leaves of Alfalfa; Aphis gossypii | Flower buds of hibiscus plant; Aphis illinoisensis | Leaves and stems of grape; Aphis nerii | Flowers of oleander; Eriosoma lanigerum | Stems of green apple; Macrosiphum rosae | Leaves and stems of Taif rose; Rhodobium porosum | Leaves and stems of Taif rose,Tier A,0,10,0,frozen Phase 5C.4 structure,SUITABLE_CORE,preserve documented stereochemistry,yes,yes,Authentic-standard-supported feature with a validated candidate structure and feasible small-molecule preparation.,yes,all structurally suitable Tier A candidates
Bio39,Methyl salicylate*,*,Methyl salicylate,4133,COC(=O)C1=CC=CC=C1O,OSWPMRLSEDHDFF-UHFFFAOYSA-N,C8H8O3,152.15,Aphis gossypii | Flower buds of hibiscus plant; Aphis illinoisensis | Leaves and stems of grape; Aphis nerii | Flowers of oleander; Eriosoma lanigerum | Stems of green apple,Tier A,0,11,1,frozen Phase 5C.4 structure,SUITABLE_CORE,preserve documented stereochemistry,yes,yes,Authentic-standard-supported feature with a validated candidate structure and feasible small-molecule preparation.,yes,all structurally suitable Tier A candidates
Bio42,Caprolactam*,*,Caprolactam,7768,C1CCC(=O)NCC1,JBKVHLHDHHXQEQ-UHFFFAOYSA-N,C6H11NO,113.16,Aphis gossypii | Flower buds of hibiscus plant; Aphis punicae | Leaves and stems of pomegranates; Hysteroneura setariae | Flower of green foxtail,Tier A,0,8,0,frozen Phase 5C.4 structure,SUITABLE_CORE,preserve documented stereochemistry,yes,yes,Authentic-standard-supported feature with a validated candidate structure and feasible small-molecule preparation.,yes,all structurally suitable Tier A candidates
Bio47,Pentadecane*,*,Pentadecane,12391,CCCCCCCCCCCCCCC,YCOZIPAWZNQLMR-UHFFFAOYSA-N,C15H32,212.41,Eriosoma lanigerum | Stems of green apple,Tier A,0,15,12,frozen Phase 5C.4 structure,SUITABLE_CORE,preserve documented stereochemistry,yes,yes,Authentic-standard-supported feature with a validated candidate structure and feasible small-molecule preparation.,yes,all structurally suitable Tier A candidates
Bio56,(E)-β-Farnesene*,*,(E)-β-Farnesene,5281517,CC(=CCC/C(=C/CCC(=C)C=C)/C)C,JSNRRGGBADWTMC-NTCAYCPXSA-N,C15H24,204.35,Aphis craccivora | Leaves of Alfalfa; Aphis gossypii | Flower buds of hibiscus plant; Aphis gossypii | Leaves of lemon; Aphis gossypii | Leaves of vinca; Aphis gossypii | Leaves of zucchini; Aphis gossypii | fresh Feed; Aphis gossypii | mint; Aphis illinoisensis | Leaves and stems of grape; Aphis nerii | Flowers of oleander; Aphis punicae | Leaves and stems of pomegranates; Hysteroneura setariae | Flower of green foxtail; Macrosiphum rosae | Leaves and stems of Taif rose; Rhodobium porosum | Leaves and stems of Taif rose,Tier A,0,15,7,frozen Phase 5C.4 structure,SUITABLE_CORE,preserve documented stereochemistry,yes,yes,Authentic-standard-supported feature with a validated candidate structure and feasible small-molecule preparation.,yes,all structurally suitable Tier A candidates
Bio4,α-Thujene ?,?,α-Thujene,17868,CC1=CCC2(C1C2)C(C)C,KQAZVFVOEIRWHN-UHFFFAOYSA-N,C10H16,136.23,Aphis illinoisensis | Leaves and stems of grape,Tier B,0,10,1,frozen Phase 5C.4 structure,SUITABLE_EXPLORATORY,preserve documented stereochemistry,yes,yes,Validated candidate structure selected prospectively for chemical/context diversity; GC-MS identity remains tentative.,yes,prospective Tier B diversity/context/aphid-olfaction relevance selection
Bio13,6-Methyl-5-hepten-2-one ?,?,6-Methyl-5-hepten-2-one,9862,CC(=CCCC(=O)C)C,UHEPJGULSIKKTP-UHFFFAOYSA-N,C8H14O,126.20,Aphis craccivora | Leaves of Alfalfa; Aphis gossypii | Flower buds of hibiscus plant; Aphis illinoisensis | Leaves and stems of grape; Aphis nerii | Flowers of oleander; Aphis punicae | Leaves and stems of pomegranates; Eriosoma lanigerum | Stems of green apple; Hysteroneura setariae | Flower of green foxtail; Lipaphis pseudobrassicae | Leaves of radish; Rhodobium porosum | Leaves and stems of Taif rose,Tier B,0,9,3,frozen Phase 5C.4 structure,SUITABLE_EXPLORATORY,preserve documented stereochemistry,yes,yes,Validated candidate structure selected prospectively for chemical/context diversity; GC-MS identity remains tentative.,yes,prospective Tier B diversity/context/aphid-olfaction relevance selection
Bio22,P-Cymene ?,?,P-Cymene,7463,CC1=CC=C(C=C1)C(C)C,HFPZCAJZSCWRBC-UHFFFAOYSA-N,C10H14,134.22,Aphis nerii | Flowers of oleander,Tier B,0,10,1,frozen Phase 5C.4 structure,SUITABLE_EXPLORATORY,preserve documented stereochemistry,yes,yes,Validated candidate structure selected prospectively for chemical/context diversity; GC-MS identity remains tentative.,yes,prospective Tier B diversity/context/aphid-olfaction relevance selection
Bio36,L-menthone ?,?,L-menthone,26447,C[C@@H]1CC[C@H](C(=O)C1)C(C)C,NFLGAXVYCFJBMK-BDAKNGLRSA-N,C10H18O,154.25,Aphis gossypii | mint; Aphis illinoisensis | Leaves and stems of grape,Tier B,0,11,1,frozen Phase 5C.4 structure,SUITABLE_EXPLORATORY,preserve documented stereochemistry,yes,yes,Validated candidate structure selected prospectively for chemical/context diversity; GC-MS identity remains tentative.,yes,prospective Tier B diversity/context/aphid-olfaction relevance selection
Bio49,1-Tetradecanol ?,?,1-Tetradecanol,8209,CCCCCCCCCCCCCCO,HLZKNKRTKFSKGZ-UHFFFAOYSA-N,C14H30O,214.39,Eriosoma lanigerum | Stems of green apple,Tier B,0,15,12,frozen Phase 5C.4 structure,SUITABLE_EXPLORATORY,preserve documented stereochemistry,yes,yes,Validated candidate structure selected prospectively for chemical/context diversity; GC-MS identity remains tentative.,yes,prospective Tier B diversity/context/aphid-olfaction relevance selection
Bio51,trans-Raphasatin ?,?,trans-Raphasatin,5368086,CS/C=C/CCN=C=S,RYSPJKHYSHFYEB-HWKANZROSA-N,C6H9NS2,159.3,Lipaphis pseudobrassicae | Leaves of radish,Tier B,0,9,4,frozen Phase 5C.4 structure,SUITABLE_EXPLORATORY,preserve documented stereochemistry,yes,yes,Validated candidate structure selected prospectively for chemical/context diversity; GC-MS identity remains tentative.,yes,prospective Tier B diversity/context/aphid-olfaction relevance selection
Bio53,α-Guaiene ?,?,α-Guaiene,5317844,C[C@H]1CC[C@H](CC2=C1CC[C@@H]2C)C(=C)C,ADIDQIZBYUABQK-RWMBFGLXSA-N,C15H24,204.35,Aphis craccivora | Leaves of Alfalfa; Macrosiphum rosae | Leaves and stems of Taif rose,Tier B,0,15,1,frozen Phase 5C.4 structure,SUITABLE_EXPLORATORY,preserve documented stereochemistry,yes,yes,Validated candidate structure selected prospectively for chemical/context diversity; GC-MS identity remains tentative.,yes,prospective Tier B diversity/context/aphid-olfaction relevance selection
Bio55,Humulene ?,?,Humulene,5281520,C/C/1=C\CC(/C=C/C/C(=C/CC1)/C)(C)C,FAMPSKZZVDUYOS-HRGUGZIWSA-N,C15H24,204.35,Aphis craccivora | Leaves of Alfalfa; Aphis gossypii | Flower buds of hibiscus plant; Aphis illinoisensis | Leaves and stems of grape; Aphis nerii | Flowers of oleander; Aphis punicae | Leaves and stems of pomegranates; Hysteroneura setariae | Flower of green foxtail; Macrosiphum rosae | Leaves and stems of Taif rose; Rhodobium porosum | Leaves and stems of Taif rose,Tier B,0,15,0,frozen Phase 5C.4 structure,SUITABLE_EXPLORATORY,preserve documented stereochemistry,yes,yes,Validated candidate structure selected prospectively for chemical/context diversity; GC-MS identity remains tentative.,yes,prospective Tier B diversity/context/aphid-olfaction relevance selection
Bio59,β-Selinene ?,?,β-Selinene,442393,CC(=C)[C@@H]1CC[C@]2(CCCC(=C)[C@@H]2C1)C,YOVSPTNQHMDJAG-QLFBSQMISA-N,C15H24,204.35,Aphis craccivora | Leaves of Alfalfa,Tier B,0,15,1,frozen Phase 5C.4 structure,SUITABLE_EXPLORATORY,preserve documented stereochemistry,yes,yes,Validated candidate structure selected prospectively for chemical/context diversity; GC-MS identity remains tentative.,yes,prospective Tier B diversity/context/aphid-olfaction relevance selection
