bio_id,MvicOBP3,NribOBP3,canonical_candidate,evidence_tier,confidence,Mvic_minus_Nrib_kcal_mol,absolute_difference,descriptive_category,interpretation_limit
Bio13,-4.13,-4.446,6-Methyl-5-hepten-2-one,Tier B,?,0.31599999999999984,0.31599999999999984,relatively more negative for NribOBP3,predicted score contrast; not experimentally demonstrated receptor preference
Bio17,-5.111,-5.205,2-Phenylpropanal,Tier A,*,0.0940000000000003,0.0940000000000003,broadly similar,predicted score contrast; not experimentally demonstrated receptor preference
Bio20,-5.21,-5.221,D-Limonene,Tier A,*,0.01100000000000012,0.01100000000000012,broadly similar,predicted score contrast; not experimentally demonstrated receptor preference
Bio21,-5.062,-5.365,"Eucalyptol (1,8-cineole)",Tier A,*,0.30299999999999994,0.30299999999999994,relatively more negative for NribOBP3,predicted score contrast; not experimentally demonstrated receptor preference
Bio22,-5.307,-5.404,P-Cymene,Tier B,?,0.09699999999999953,0.09699999999999953,broadly similar,predicted score contrast; not experimentally demonstrated receptor preference
Bio31,-4.068,-4.226,Nonanal,Tier A,*,0.15800000000000036,0.15800000000000036,broadly similar,predicted score contrast; not experimentally demonstrated receptor preference
Bio36,-5.143,-5.34,L-menthone,Tier B,?,0.19700000000000006,0.19700000000000006,broadly similar,predicted score contrast; not experimentally demonstrated receptor preference
Bio38,-4.418,-4.429,Azulene,Tier A,*,0.01100000000000012,0.01100000000000012,broadly similar,predicted score contrast; not experimentally demonstrated receptor preference
Bio39,-4.717,-5.242,Methyl salicylate,Tier A,*,0.5250000000000004,0.5250000000000004,relatively more negative for NribOBP3,predicted score contrast; not experimentally demonstrated receptor preference
Bio4,-4.861,-5.016,α-Thujene,Tier B,?,0.15500000000000025,0.15500000000000025,broadly similar,predicted score contrast; not experimentally demonstrated receptor preference
Bio42,-2.624,-3.016,Caprolactam,Tier A,*,0.3919999999999999,0.3919999999999999,relatively more negative for NribOBP3,predicted score contrast; not experimentally demonstrated receptor preference
Bio47,-4.524,-4.501,Pentadecane,Tier A,*,-0.022999999999999687,0.022999999999999687,broadly similar,predicted score contrast; not experimentally demonstrated receptor preference
Bio49,-4.616,-4.443,1-Tetradecanol,Tier B,?,-0.17300000000000004,0.17300000000000004,broadly similar,predicted score contrast; not experimentally demonstrated receptor preference
Bio51,-3.553,-3.476,trans-Raphasatin,Tier B,?,-0.07699999999999996,0.07699999999999996,broadly similar,predicted score contrast; not experimentally demonstrated receptor preference
Bio53,-4.763,-4.516,α-Guaiene,Tier B,?,-0.2469999999999999,0.2469999999999999,broadly similar,predicted score contrast; not experimentally demonstrated receptor preference
Bio55,-4.243,-4.343,Humulene,Tier B,?,0.09999999999999964,0.09999999999999964,broadly similar,predicted score contrast; not experimentally demonstrated receptor preference
Bio56,-5.554,-5.26,(E)-β-Farnesene,Tier A,*,-0.2940000000000005,0.2940000000000005,broadly similar,predicted score contrast; not experimentally demonstrated receptor preference
Bio59,-6.739,-6.461,β-Selinene,Tier B,?,-0.2779999999999996,0.2779999999999996,broadly similar,predicted score contrast; not experimentally demonstrated receptor preference
Bio8,-4.227,-4.563,Benzaldehyde,Tier A,*,0.3359999999999994,0.3359999999999994,relatively more negative for NribOBP3,predicted score contrast; not experimentally demonstrated receptor preference
Bio9,-4.707,-5.066,Mesitylene,Tier A,*,0.359,0.359,relatively more negative for NribOBP3,predicted score contrast; not experimentally demonstrated receptor preference
