PDB_ID,receptor_name,bio_id,ligand_name,evidence_tier,gcms_confidence,seed,pose_rank,vina_score,residue,receptor_atom,ligand_atom,ligand_atom_type,minimum_strict_heavy_atom_distance_A,interaction_types,method,caveat
4Z39,MvicOBP3,Bio56,(E)-β-Farnesene,Tier A,*,104729,1,-5.554,MET3,O,C,C,3.398,van_der_Waals_contact,"minimum distance between chemically real, non-hydrogen receptor and ligand atoms; Meeko dummy atoms excluded; general 4.5 A, hydrophobic 4.0 A, polar 3.5 A, aromatic screen 5.5 A",Distance-based predicted-complex screen. Polar/aromatic proximity is not asserted as a hydrogen bond or pi interaction without angular validation.
4Z39,MvicOBP3,Bio56,(E)-β-Farnesene,Tier A,*,104729,1,-5.554,ARG4,CG,C,C,3.76,van_der_Waals_contact,"minimum distance between chemically real, non-hydrogen receptor and ligand atoms; Meeko dummy atoms excluded; general 4.5 A, hydrophobic 4.0 A, polar 3.5 A, aromatic screen 5.5 A",Distance-based predicted-complex screen. Polar/aromatic proximity is not asserted as a hydrogen bond or pi interaction without angular validation.
4Z39,MvicOBP3,Bio56,(E)-β-Farnesene,Tier A,*,104729,1,-5.554,PHE5,O,C,C,3.401,hydrophobic_contact,"minimum distance between chemically real, non-hydrogen receptor and ligand atoms; Meeko dummy atoms excluded; general 4.5 A, hydrophobic 4.0 A, polar 3.5 A, aromatic screen 5.5 A",Distance-based predicted-complex screen. Polar/aromatic proximity is not asserted as a hydrogen bond or pi interaction without angular validation.
4Z39,MvicOBP3,Bio56,(E)-β-Farnesene,Tier A,*,104729,1,-5.554,ILE10,CD1,C,C,3.827,hydrophobic_contact,"minimum distance between chemically real, non-hydrogen receptor and ligand atoms; Meeko dummy atoms excluded; general 4.5 A, hydrophobic 4.0 A, polar 3.5 A, aromatic screen 5.5 A",Distance-based predicted-complex screen. Polar/aromatic proximity is not asserted as a hydrogen bond or pi interaction without angular validation.
4Z39,MvicOBP3,Bio56,(E)-β-Farnesene,Tier A,*,104729,1,-5.554,VAL27,O,C,C,3.357,hydrophobic_contact,"minimum distance between chemically real, non-hydrogen receptor and ligand atoms; Meeko dummy atoms excluded; general 4.5 A, hydrophobic 4.0 A, polar 3.5 A, aromatic screen 5.5 A",Distance-based predicted-complex screen. Polar/aromatic proximity is not asserted as a hydrogen bond or pi interaction without angular validation.
4Z39,MvicOBP3,Bio56,(E)-β-Farnesene,Tier A,*,104729,1,-5.554,LYS28,O,C,C,3.323,van_der_Waals_contact,"minimum distance between chemically real, non-hydrogen receptor and ligand atoms; Meeko dummy atoms excluded; general 4.5 A, hydrophobic 4.0 A, polar 3.5 A, aromatic screen 5.5 A",Distance-based predicted-complex screen. Polar/aromatic proximity is not asserted as a hydrogen bond or pi interaction without angular validation.
4Z39,MvicOBP3,Bio56,(E)-β-Farnesene,Tier A,*,104729,1,-5.554,TYR30,C,C,C,3.651,hydrophobic_contact,"minimum distance between chemically real, non-hydrogen receptor and ligand atoms; Meeko dummy atoms excluded; general 4.5 A, hydrophobic 4.0 A, polar 3.5 A, aromatic screen 5.5 A",Distance-based predicted-complex screen. Polar/aromatic proximity is not asserted as a hydrogen bond or pi interaction without angular validation.
4Z39,MvicOBP3,Bio56,(E)-β-Farnesene,Tier A,*,104729,1,-5.554,LYS31,O,C,C,3.61,van_der_Waals_contact,"minimum distance between chemically real, non-hydrogen receptor and ligand atoms; Meeko dummy atoms excluded; general 4.5 A, hydrophobic 4.0 A, polar 3.5 A, aromatic screen 5.5 A",Distance-based predicted-complex screen. Polar/aromatic proximity is not asserted as a hydrogen bond or pi interaction without angular validation.
4Z39,MvicOBP3,Bio56,(E)-β-Farnesene,Tier A,*,104729,1,-5.554,VAL32,CG2,C,C,3.898,hydrophobic_contact,"minimum distance between chemically real, non-hydrogen receptor and ligand atoms; Meeko dummy atoms excluded; general 4.5 A, hydrophobic 4.0 A, polar 3.5 A, aromatic screen 5.5 A",Distance-based predicted-complex screen. Polar/aromatic proximity is not asserted as a hydrogen bond or pi interaction without angular validation.
4Z39,MvicOBP3,Bio56,(E)-β-Farnesene,Tier A,*,104729,1,-5.554,MET42,CE,C,C,3.927,hydrophobic_contact,"minimum distance between chemically real, non-hydrogen receptor and ligand atoms; Meeko dummy atoms excluded; general 4.5 A, hydrophobic 4.0 A, polar 3.5 A, aromatic screen 5.5 A",Distance-based predicted-complex screen. Polar/aromatic proximity is not asserted as a hydrogen bond or pi interaction without angular validation.
4Z39,MvicOBP3,Bio56,(E)-β-Farnesene,Tier A,*,104729,1,-5.554,TYR105,CE1,C,C,3.593,hydrophobic_contact,"minimum distance between chemically real, non-hydrogen receptor and ligand atoms; Meeko dummy atoms excluded; general 4.5 A, hydrophobic 4.0 A, polar 3.5 A, aromatic screen 5.5 A",Distance-based predicted-complex screen. Polar/aromatic proximity is not asserted as a hydrogen bond or pi interaction without angular validation.
4Z39,MvicOBP3,Bio56,(E)-β-Farnesene,Tier A,*,104729,1,-5.554,MET108,CE,C,C,4.197,van_der_Waals_contact,"minimum distance between chemically real, non-hydrogen receptor and ligand atoms; Meeko dummy atoms excluded; general 4.5 A, hydrophobic 4.0 A, polar 3.5 A, aromatic screen 5.5 A",Distance-based predicted-complex screen. Polar/aromatic proximity is not asserted as a hydrogen bond or pi interaction without angular validation.
4Z39,MvicOBP3,Bio59,β-Selinene,Tier B,?,271828,1,-6.739,SER2,OG,C,C,3.428,van_der_Waals_contact,"minimum distance between chemically real, non-hydrogen receptor and ligand atoms; Meeko dummy atoms excluded; general 4.5 A, hydrophobic 4.0 A, polar 3.5 A, aromatic screen 5.5 A",Distance-based predicted-complex screen. Polar/aromatic proximity is not asserted as a hydrogen bond or pi interaction without angular validation.
4Z39,MvicOBP3,Bio59,β-Selinene,Tier B,?,271828,1,-6.739,MET3,O,C,C,4.273,van_der_Waals_contact,"minimum distance between chemically real, non-hydrogen receptor and ligand atoms; Meeko dummy atoms excluded; general 4.5 A, hydrophobic 4.0 A, polar 3.5 A, aromatic screen 5.5 A",Distance-based predicted-complex screen. Polar/aromatic proximity is not asserted as a hydrogen bond or pi interaction without angular validation.
4Z39,MvicOBP3,Bio59,β-Selinene,Tier B,?,271828,1,-6.739,ARG4,CA,C,C,3.504,van_der_Waals_contact,"minimum distance between chemically real, non-hydrogen receptor and ligand atoms; Meeko dummy atoms excluded; general 4.5 A, hydrophobic 4.0 A, polar 3.5 A, aromatic screen 5.5 A",Distance-based predicted-complex screen. Polar/aromatic proximity is not asserted as a hydrogen bond or pi interaction without angular validation.
4Z39,MvicOBP3,Bio59,β-Selinene,Tier B,?,271828,1,-6.739,PHE5,O,C,C,3.356,hydrophobic_contact,"minimum distance between chemically real, non-hydrogen receptor and ligand atoms; Meeko dummy atoms excluded; general 4.5 A, hydrophobic 4.0 A, polar 3.5 A, aromatic screen 5.5 A",Distance-based predicted-complex screen. Polar/aromatic proximity is not asserted as a hydrogen bond or pi interaction without angular validation.
4Z39,MvicOBP3,Bio59,β-Selinene,Tier B,?,271828,1,-6.739,ILE10,CD1,C,C,3.591,hydrophobic_contact,"minimum distance between chemically real, non-hydrogen receptor and ligand atoms; Meeko dummy atoms excluded; general 4.5 A, hydrophobic 4.0 A, polar 3.5 A, aromatic screen 5.5 A",Distance-based predicted-complex screen. Polar/aromatic proximity is not asserted as a hydrogen bond or pi interaction without angular validation.
4Z39,MvicOBP3,Bio59,β-Selinene,Tier B,?,271828,1,-6.739,VAL27,CG1,C,C,3.52,hydrophobic_contact,"minimum distance between chemically real, non-hydrogen receptor and ligand atoms; Meeko dummy atoms excluded; general 4.5 A, hydrophobic 4.0 A, polar 3.5 A, aromatic screen 5.5 A",Distance-based predicted-complex screen. Polar/aromatic proximity is not asserted as a hydrogen bond or pi interaction without angular validation.
4Z39,MvicOBP3,Bio59,β-Selinene,Tier B,?,271828,1,-6.739,LYS28,O,C,C,3.267,van_der_Waals_contact,"minimum distance between chemically real, non-hydrogen receptor and ligand atoms; Meeko dummy atoms excluded; general 4.5 A, hydrophobic 4.0 A, polar 3.5 A, aromatic screen 5.5 A",Distance-based predicted-complex screen. Polar/aromatic proximity is not asserted as a hydrogen bond or pi interaction without angular validation.
4Z39,MvicOBP3,Bio59,β-Selinene,Tier B,?,271828,1,-6.739,TYR30,OH,C,C,3.345,hydrophobic_contact,"minimum distance between chemically real, non-hydrogen receptor and ligand atoms; Meeko dummy atoms excluded; general 4.5 A, hydrophobic 4.0 A, polar 3.5 A, aromatic screen 5.5 A",Distance-based predicted-complex screen. Polar/aromatic proximity is not asserted as a hydrogen bond or pi interaction without angular validation.
4Z39,MvicOBP3,Bio59,β-Selinene,Tier B,?,271828,1,-6.739,MET42,CE,C,C,3.982,hydrophobic_contact,"minimum distance between chemically real, non-hydrogen receptor and ligand atoms; Meeko dummy atoms excluded; general 4.5 A, hydrophobic 4.0 A, polar 3.5 A, aromatic screen 5.5 A",Distance-based predicted-complex screen. Polar/aromatic proximity is not asserted as a hydrogen bond or pi interaction without angular validation.
4Z39,MvicOBP3,Bio38,Azulene,Tier A,*,314159,1,-4.418,ARG4,CG,C,CG0,3.664,van_der_Waals_contact,"minimum distance between chemically real, non-hydrogen receptor and ligand atoms; Meeko dummy atoms excluded; general 4.5 A, hydrophobic 4.0 A, polar 3.5 A, aromatic screen 5.5 A",Distance-based predicted-complex screen. Polar/aromatic proximity is not asserted as a hydrogen bond or pi interaction without angular validation.
4Z39,MvicOBP3,Bio38,Azulene,Tier A,*,314159,1,-4.418,PHE5,O,C,C,3.536,hydrophobic_contact,"minimum distance between chemically real, non-hydrogen receptor and ligand atoms; Meeko dummy atoms excluded; general 4.5 A, hydrophobic 4.0 A, polar 3.5 A, aromatic screen 5.5 A",Distance-based predicted-complex screen. Polar/aromatic proximity is not asserted as a hydrogen bond or pi interaction without angular validation.
4Z39,MvicOBP3,Bio38,Azulene,Tier A,*,314159,1,-4.418,ILE10,CD1,C,C,3.746,hydrophobic_contact,"minimum distance between chemically real, non-hydrogen receptor and ligand atoms; Meeko dummy atoms excluded; general 4.5 A, hydrophobic 4.0 A, polar 3.5 A, aromatic screen 5.5 A",Distance-based predicted-complex screen. Polar/aromatic proximity is not asserted as a hydrogen bond or pi interaction without angular validation.
4Z39,MvicOBP3,Bio38,Azulene,Tier A,*,314159,1,-4.418,VAL27,CG1,C,C,3.626,hydrophobic_contact,"minimum distance between chemically real, non-hydrogen receptor and ligand atoms; Meeko dummy atoms excluded; general 4.5 A, hydrophobic 4.0 A, polar 3.5 A, aromatic screen 5.5 A",Distance-based predicted-complex screen. Polar/aromatic proximity is not asserted as a hydrogen bond or pi interaction without angular validation.
4Z39,MvicOBP3,Bio38,Azulene,Tier A,*,314159,1,-4.418,LYS28,CA,C,C,3.763,van_der_Waals_contact,"minimum distance between chemically real, non-hydrogen receptor and ligand atoms; Meeko dummy atoms excluded; general 4.5 A, hydrophobic 4.0 A, polar 3.5 A, aromatic screen 5.5 A",Distance-based predicted-complex screen. Polar/aromatic proximity is not asserted as a hydrogen bond or pi interaction without angular validation.
4Z39,MvicOBP3,Bio38,Azulene,Tier A,*,314159,1,-4.418,TYR30,OH,C,CG0,3.7,van_der_Waals_contact,"minimum distance between chemically real, non-hydrogen receptor and ligand atoms; Meeko dummy atoms excluded; general 4.5 A, hydrophobic 4.0 A, polar 3.5 A, aromatic screen 5.5 A",Distance-based predicted-complex screen. Polar/aromatic proximity is not asserted as a hydrogen bond or pi interaction without angular validation.
4Z45,NribOBP3,Bio21,"Eucalyptol (1,8-cineole)",Tier A,*,271828,1,-5.365,MET3,C,C,C,3.78,hydrophobic_contact,"minimum distance between chemically real, non-hydrogen receptor and ligand atoms; Meeko dummy atoms excluded; general 4.5 A, hydrophobic 4.0 A, polar 3.5 A, aromatic screen 5.5 A",Distance-based predicted-complex screen. Polar/aromatic proximity is not asserted as a hydrogen bond or pi interaction without angular validation.
4Z45,NribOBP3,Bio21,"Eucalyptol (1,8-cineole)",Tier A,*,271828,1,-5.365,ARG4,CG,O,OA,3.457,van_der_Waals_contact,"minimum distance between chemically real, non-hydrogen receptor and ligand atoms; Meeko dummy atoms excluded; general 4.5 A, hydrophobic 4.0 A, polar 3.5 A, aromatic screen 5.5 A",Distance-based predicted-complex screen. Polar/aromatic proximity is not asserted as a hydrogen bond or pi interaction without angular validation.
4Z45,NribOBP3,Bio21,"Eucalyptol (1,8-cineole)",Tier A,*,271828,1,-5.365,PHE5,N,C,C,3.758,van_der_Waals_contact,"minimum distance between chemically real, non-hydrogen receptor and ligand atoms; Meeko dummy atoms excluded; general 4.5 A, hydrophobic 4.0 A, polar 3.5 A, aromatic screen 5.5 A",Distance-based predicted-complex screen. Polar/aromatic proximity is not asserted as a hydrogen bond or pi interaction without angular validation.
4Z45,NribOBP3,Bio21,"Eucalyptol (1,8-cineole)",Tier A,*,271828,1,-5.365,TYR30,CD1,C,C,3.57,hydrophobic_contact,"minimum distance between chemically real, non-hydrogen receptor and ligand atoms; Meeko dummy atoms excluded; general 4.5 A, hydrophobic 4.0 A, polar 3.5 A, aromatic screen 5.5 A",Distance-based predicted-complex screen. Polar/aromatic proximity is not asserted as a hydrogen bond or pi interaction without angular validation.
4Z45,NribOBP3,Bio21,"Eucalyptol (1,8-cineole)",Tier A,*,271828,1,-5.365,MET42,CE,C,C,3.665,hydrophobic_contact,"minimum distance between chemically real, non-hydrogen receptor and ligand atoms; Meeko dummy atoms excluded; general 4.5 A, hydrophobic 4.0 A, polar 3.5 A, aromatic screen 5.5 A",Distance-based predicted-complex screen. Polar/aromatic proximity is not asserted as a hydrogen bond or pi interaction without angular validation.
4Z45,NribOBP3,Bio21,"Eucalyptol (1,8-cineole)",Tier A,*,271828,1,-5.365,TYR105,CD1,C,C,3.761,hydrophobic_contact,"minimum distance between chemically real, non-hydrogen receptor and ligand atoms; Meeko dummy atoms excluded; general 4.5 A, hydrophobic 4.0 A, polar 3.5 A, aromatic screen 5.5 A",Distance-based predicted-complex screen. Polar/aromatic proximity is not asserted as a hydrogen bond or pi interaction without angular validation.
4Z45,NribOBP3,Bio21,"Eucalyptol (1,8-cineole)",Tier A,*,271828,1,-5.365,MET108,CE,C,C,3.572,hydrophobic_contact,"minimum distance between chemically real, non-hydrogen receptor and ligand atoms; Meeko dummy atoms excluded; general 4.5 A, hydrophobic 4.0 A, polar 3.5 A, aromatic screen 5.5 A",Distance-based predicted-complex screen. Polar/aromatic proximity is not asserted as a hydrogen bond or pi interaction without angular validation.
4Z45,NribOBP3,Bio21,"Eucalyptol (1,8-cineole)",Tier A,*,271828,1,-5.365,ASN112,ND2,C,C,3.597,van_der_Waals_contact,"minimum distance between chemically real, non-hydrogen receptor and ligand atoms; Meeko dummy atoms excluded; general 4.5 A, hydrophobic 4.0 A, polar 3.5 A, aromatic screen 5.5 A",Distance-based predicted-complex screen. Polar/aromatic proximity is not asserted as a hydrogen bond or pi interaction without angular validation.
4Z45,NribOBP3,Bio39,Methyl salicylate,Tier A,*,104729,1,-5.242,SER2,OG,O,OA,2.992,polar_close_contact_not_claimed_as_hbond,"minimum distance between chemically real, non-hydrogen receptor and ligand atoms; Meeko dummy atoms excluded; general 4.5 A, hydrophobic 4.0 A, polar 3.5 A, aromatic screen 5.5 A",Distance-based predicted-complex screen. Polar/aromatic proximity is not asserted as a hydrogen bond or pi interaction without angular validation.
4Z45,NribOBP3,Bio39,Methyl salicylate,Tier A,*,104729,1,-5.242,MET3,N,O,OA,3.176,polar_close_contact_not_claimed_as_hbond,"minimum distance between chemically real, non-hydrogen receptor and ligand atoms; Meeko dummy atoms excluded; general 4.5 A, hydrophobic 4.0 A, polar 3.5 A, aromatic screen 5.5 A",Distance-based predicted-complex screen. Polar/aromatic proximity is not asserted as a hydrogen bond or pi interaction without angular validation.
4Z45,NribOBP3,Bio39,Methyl salicylate,Tier A,*,104729,1,-5.242,ARG4,N,O,OA,2.905,polar_close_contact_not_claimed_as_hbond,"minimum distance between chemically real, non-hydrogen receptor and ligand atoms; Meeko dummy atoms excluded; general 4.5 A, hydrophobic 4.0 A, polar 3.5 A, aromatic screen 5.5 A",Distance-based predicted-complex screen. Polar/aromatic proximity is not asserted as a hydrogen bond or pi interaction without angular validation.
4Z45,NribOBP3,Bio39,Methyl salicylate,Tier A,*,104729,1,-5.242,TYR30,CB,O,OA,3.591,aromatic_contact_screen,"minimum distance between chemically real, non-hydrogen receptor and ligand atoms; Meeko dummy atoms excluded; general 4.5 A, hydrophobic 4.0 A, polar 3.5 A, aromatic screen 5.5 A",Distance-based predicted-complex screen. Polar/aromatic proximity is not asserted as a hydrogen bond or pi interaction without angular validation.
4Z45,NribOBP3,Bio39,Methyl salicylate,Tier A,*,104729,1,-5.242,MET42,CE,C,A,3.382,hydrophobic_contact,"minimum distance between chemically real, non-hydrogen receptor and ligand atoms; Meeko dummy atoms excluded; general 4.5 A, hydrophobic 4.0 A, polar 3.5 A, aromatic screen 5.5 A",Distance-based predicted-complex screen. Polar/aromatic proximity is not asserted as a hydrogen bond or pi interaction without angular validation.
4Z45,NribOBP3,Bio39,Methyl salicylate,Tier A,*,104729,1,-5.242,TYR105,CE1,C,A,4.209,aromatic_contact_screen,"minimum distance between chemically real, non-hydrogen receptor and ligand atoms; Meeko dummy atoms excluded; general 4.5 A, hydrophobic 4.0 A, polar 3.5 A, aromatic screen 5.5 A",Distance-based predicted-complex screen. Polar/aromatic proximity is not asserted as a hydrogen bond or pi interaction without angular validation.
4Z45,NribOBP3,Bio39,Methyl salicylate,Tier A,*,104729,1,-5.242,MET108,CB,C,A,3.738,hydrophobic_contact,"minimum distance between chemically real, non-hydrogen receptor and ligand atoms; Meeko dummy atoms excluded; general 4.5 A, hydrophobic 4.0 A, polar 3.5 A, aromatic screen 5.5 A",Distance-based predicted-complex screen. Polar/aromatic proximity is not asserted as a hydrogen bond or pi interaction without angular validation.
4Z45,NribOBP3,Bio39,Methyl salicylate,Tier A,*,104729,1,-5.242,ASN112,ND2,O,OA,3.022,polar_close_contact_not_claimed_as_hbond,"minimum distance between chemically real, non-hydrogen receptor and ligand atoms; Meeko dummy atoms excluded; general 4.5 A, hydrophobic 4.0 A, polar 3.5 A, aromatic screen 5.5 A",Distance-based predicted-complex screen. Polar/aromatic proximity is not asserted as a hydrogen bond or pi interaction without angular validation.
4Z45,NribOBP3,Bio38,Azulene,Tier A,*,314159,1,-4.429,MET3,O,C,C,3.674,van_der_Waals_contact,"minimum distance between chemically real, non-hydrogen receptor and ligand atoms; Meeko dummy atoms excluded; general 4.5 A, hydrophobic 4.0 A, polar 3.5 A, aromatic screen 5.5 A",Distance-based predicted-complex screen. Polar/aromatic proximity is not asserted as a hydrogen bond or pi interaction without angular validation.
4Z45,NribOBP3,Bio38,Azulene,Tier A,*,314159,1,-4.429,ARG4,CA,C,C,3.579,van_der_Waals_contact,"minimum distance between chemically real, non-hydrogen receptor and ligand atoms; Meeko dummy atoms excluded; general 4.5 A, hydrophobic 4.0 A, polar 3.5 A, aromatic screen 5.5 A",Distance-based predicted-complex screen. Polar/aromatic proximity is not asserted as a hydrogen bond or pi interaction without angular validation.
4Z45,NribOBP3,Bio38,Azulene,Tier A,*,314159,1,-4.429,PHE5,N,C,C,3.499,hydrophobic_contact,"minimum distance between chemically real, non-hydrogen receptor and ligand atoms; Meeko dummy atoms excluded; general 4.5 A, hydrophobic 4.0 A, polar 3.5 A, aromatic screen 5.5 A",Distance-based predicted-complex screen. Polar/aromatic proximity is not asserted as a hydrogen bond or pi interaction without angular validation.
4Z45,NribOBP3,Bio38,Azulene,Tier A,*,314159,1,-4.429,TYR30,CD1,C,C,3.63,hydrophobic_contact,"minimum distance between chemically real, non-hydrogen receptor and ligand atoms; Meeko dummy atoms excluded; general 4.5 A, hydrophobic 4.0 A, polar 3.5 A, aromatic screen 5.5 A",Distance-based predicted-complex screen. Polar/aromatic proximity is not asserted as a hydrogen bond or pi interaction without angular validation.
4Z45,NribOBP3,Bio38,Azulene,Tier A,*,314159,1,-4.429,MET42,CE,C,C,3.646,hydrophobic_contact,"minimum distance between chemically real, non-hydrogen receptor and ligand atoms; Meeko dummy atoms excluded; general 4.5 A, hydrophobic 4.0 A, polar 3.5 A, aromatic screen 5.5 A",Distance-based predicted-complex screen. Polar/aromatic proximity is not asserted as a hydrogen bond or pi interaction without angular validation.
4Z45,NribOBP3,Bio38,Azulene,Tier A,*,314159,1,-4.429,TYR105,CD1,C,CG0,3.779,hydrophobic_contact,"minimum distance between chemically real, non-hydrogen receptor and ligand atoms; Meeko dummy atoms excluded; general 4.5 A, hydrophobic 4.0 A, polar 3.5 A, aromatic screen 5.5 A",Distance-based predicted-complex screen. Polar/aromatic proximity is not asserted as a hydrogen bond or pi interaction without angular validation.
4Z45,NribOBP3,Bio38,Azulene,Tier A,*,314159,1,-4.429,MET108,CE,C,C,3.79,hydrophobic_contact,"minimum distance between chemically real, non-hydrogen receptor and ligand atoms; Meeko dummy atoms excluded; general 4.5 A, hydrophobic 4.0 A, polar 3.5 A, aromatic screen 5.5 A",Distance-based predicted-complex screen. Polar/aromatic proximity is not asserted as a hydrogen bond or pi interaction without angular validation.
