PDB_ID,receptor_name,bio_id,completed_seeds,score_sd,score_range,mean_contact_residue_jaccard,major_pose_cluster_size,pose_cluster_count,rank1_centroid_pairwise_median_A,rank1_centroid_pairwise_max_A,recomputed_classification,criterion,criterion_provenance,reported_classification,classification_match,status,final_classification,rule_status,dummy_atom_policy
4Z39,MvicOBP3,Bio13,5,0.0149566038925954,0.0300000000000002,0.8666666666666666,5,1,0.9436368821729264,1.074727878276952,STABLE,five seeds AND sample SD <=0.20 AND mean pairwise contact Jaccard >=0.60 AND largest 3-A centroid cluster >=3,transparent post hoc descriptive execution-code rule; thresholds not located in frozen Phase5D1/5D2 evidence,STABLE,True,PASS,STABLE,post hoc descriptive; applied uniformly after production docking; not a prospectively frozen Phase 5D.2 validation criterion,chemically real atoms only for ligand centroids; Meeko G0 atoms excluded
4Z39,MvicOBP3,Bio17,5,0.0067453687816161,0.016,1.0,5,1,0.0355591544107016,0.0656975646428395,STABLE,five seeds AND sample SD <=0.20 AND mean pairwise contact Jaccard >=0.60 AND largest 3-A centroid cluster >=3,transparent post hoc descriptive execution-code rule; thresholds not located in frozen Phase5D1/5D2 evidence,STABLE,True,PASS,STABLE,post hoc descriptive; applied uniformly after production docking; not a prospectively frozen Phase 5D.2 validation criterion,chemically real atoms only for ligand centroids; Meeko G0 atoms excluded
4Z39,MvicOBP3,Bio20,5,0.012895735729302,0.0309999999999996,1.0,5,1,0.0535588199119369,0.1719108489886489,STABLE,five seeds AND sample SD <=0.20 AND mean pairwise contact Jaccard >=0.60 AND largest 3-A centroid cluster >=3,transparent post hoc descriptive execution-code rule; thresholds not located in frozen Phase5D1/5D2 evidence,STABLE,True,PASS,STABLE,post hoc descriptive; applied uniformly after production docking; not a prospectively frozen Phase 5D.2 validation criterion,chemically real atoms only for ligand centroids; Meeko G0 atoms excluded
4Z39,MvicOBP3,Bio21,5,0.013773162309361,0.032,0.95,5,1,0.0302382951909256,0.0599069526449694,STABLE,five seeds AND sample SD <=0.20 AND mean pairwise contact Jaccard >=0.60 AND largest 3-A centroid cluster >=3,transparent post hoc descriptive execution-code rule; thresholds not located in frozen Phase5D1/5D2 evidence,STABLE,True,PASS,STABLE,post hoc descriptive; applied uniformly after production docking; not a prospectively frozen Phase 5D.2 validation criterion,chemically real atoms only for ligand centroids; Meeko G0 atoms excluded
4Z39,MvicOBP3,Bio22,5,0.0149566038925955,0.0390000000000005,1.0,5,1,0.0632471385515,0.1830526973305774,STABLE,five seeds AND sample SD <=0.20 AND mean pairwise contact Jaccard >=0.60 AND largest 3-A centroid cluster >=3,transparent post hoc descriptive execution-code rule; thresholds not located in frozen Phase5D1/5D2 evidence,STABLE,True,PASS,STABLE,post hoc descriptive; applied uniformly after production docking; not a prospectively frozen Phase 5D.2 validation criterion,chemically real atoms only for ligand centroids; Meeko G0 atoms excluded
4Z39,MvicOBP3,Bio31,5,0.0670969447888648,0.1629999999999998,0.676923076923077,4,2,1.0316433956154492,4.211068123410022,STABLE,five seeds AND sample SD <=0.20 AND mean pairwise contact Jaccard >=0.60 AND largest 3-A centroid cluster >=3,transparent post hoc descriptive execution-code rule; thresholds not located in frozen Phase5D1/5D2 evidence,STABLE,True,PASS,STABLE,post hoc descriptive; applied uniformly after production docking; not a prospectively frozen Phase 5D.2 validation criterion,chemically real atoms only for ligand centroids; Meeko G0 atoms excluded
4Z39,MvicOBP3,Bio36,5,0.0043243496620879,0.0110000000000001,1.0,5,1,0.030280834622791,0.0372302418618376,STABLE,five seeds AND sample SD <=0.20 AND mean pairwise contact Jaccard >=0.60 AND largest 3-A centroid cluster >=3,transparent post hoc descriptive execution-code rule; thresholds not located in frozen Phase5D1/5D2 evidence,STABLE,True,PASS,STABLE,post hoc descriptive; applied uniformly after production docking; not a prospectively frozen Phase 5D.2 validation criterion,chemically real atoms only for ligand centroids; Meeko G0 atoms excluded
4Z39,MvicOBP3,Bio38,5,0.0080436310208762,0.0200000000000004,1.0,5,1,0.029392228951020227,0.09954581859626377,STABLE,five seeds AND sample SD <=0.20 AND mean pairwise contact Jaccard >=0.60 AND largest 3-A centroid cluster >=3,transparent post hoc descriptive execution-code rule; thresholds not located in frozen Phase5D1/5D2 evidence,STABLE,True,PASS,STABLE,post hoc descriptive; applied uniformly after production docking; not a prospectively frozen Phase 5D.2 validation criterion,chemically real atoms only for ligand centroids; Meeko G0 atoms excluded
4Z39,MvicOBP3,Bio39,5,0.014518953130305,0.0359999999999995,0.925,5,1,0.0555407455222253,0.0896214721172484,STABLE,five seeds AND sample SD <=0.20 AND mean pairwise contact Jaccard >=0.60 AND largest 3-A centroid cluster >=3,transparent post hoc descriptive execution-code rule; thresholds not located in frozen Phase5D1/5D2 evidence,STABLE,True,PASS,STABLE,post hoc descriptive; applied uniformly after production docking; not a prospectively frozen Phase 5D.2 validation criterion,chemically real atoms only for ligand centroids; Meeko G0 atoms excluded
4Z39,MvicOBP3,Bio4,5,0.0033911649915624,0.0089999999999994,1.0,5,1,0.030438835739258,0.0353060901262061,STABLE,five seeds AND sample SD <=0.20 AND mean pairwise contact Jaccard >=0.60 AND largest 3-A centroid cluster >=3,transparent post hoc descriptive execution-code rule; thresholds not located in frozen Phase5D1/5D2 evidence,STABLE,True,PASS,STABLE,post hoc descriptive; applied uniformly after production docking; not a prospectively frozen Phase 5D.2 validation criterion,chemically real atoms only for ligand centroids; Meeko G0 atoms excluded
4Z39,MvicOBP3,Bio42,5,0.0208973682553569,0.0489999999999999,0.4308663558663558,4,2,2.683269784591804,5.88542719350091,VARIABLE,five seeds AND sample SD <=0.20 AND mean pairwise contact Jaccard >=0.60 AND largest 3-A centroid cluster >=3,transparent post hoc descriptive execution-code rule; thresholds not located in frozen Phase5D1/5D2 evidence,VARIABLE,True,PASS,VARIABLE,post hoc descriptive; applied uniformly after production docking; not a prospectively frozen Phase 5D.2 validation criterion,chemically real atoms only for ligand centroids; Meeko G0 atoms excluded
4Z39,MvicOBP3,Bio47,5,0.0595818764390649,0.1500000000000003,0.8538461538461538,5,1,0.3842363823320046,0.7425032345608543,STABLE,five seeds AND sample SD <=0.20 AND mean pairwise contact Jaccard >=0.60 AND largest 3-A centroid cluster >=3,transparent post hoc descriptive execution-code rule; thresholds not located in frozen Phase5D1/5D2 evidence,STABLE,True,PASS,STABLE,post hoc descriptive; applied uniformly after production docking; not a prospectively frozen Phase 5D.2 validation criterion,chemically real atoms only for ligand centroids; Meeko G0 atoms excluded
4Z39,MvicOBP3,Bio49,5,0.1272352152511245,0.322,0.7960439560439561,5,1,0.4651257496700866,1.253648885808499,STABLE,five seeds AND sample SD <=0.20 AND mean pairwise contact Jaccard >=0.60 AND largest 3-A centroid cluster >=3,transparent post hoc descriptive execution-code rule; thresholds not located in frozen Phase5D1/5D2 evidence,STABLE,True,PASS,STABLE,post hoc descriptive; applied uniformly after production docking; not a prospectively frozen Phase 5D.2 validation criterion,chemically real atoms only for ligand centroids; Meeko G0 atoms excluded
4Z39,MvicOBP3,Bio51,5,0.0237381549409384,0.06,0.9143939393939394,5,1,0.398288447968827,0.4815702966517817,STABLE,five seeds AND sample SD <=0.20 AND mean pairwise contact Jaccard >=0.60 AND largest 3-A centroid cluster >=3,transparent post hoc descriptive execution-code rule; thresholds not located in frozen Phase5D1/5D2 evidence,STABLE,True,PASS,STABLE,post hoc descriptive; applied uniformly after production docking; not a prospectively frozen Phase 5D.2 validation criterion,chemically real atoms only for ligand centroids; Meeko G0 atoms excluded
4Z39,MvicOBP3,Bio53,5,0.1198027545593172,0.2850000000000001,0.7572760572760573,5,1,1.2092023993521368,3.642442416061681,STABLE,five seeds AND sample SD <=0.20 AND mean pairwise contact Jaccard >=0.60 AND largest 3-A centroid cluster >=3,transparent post hoc descriptive execution-code rule; thresholds not located in frozen Phase5D1/5D2 evidence,STABLE,True,PASS,STABLE,post hoc descriptive; applied uniformly after production docking; not a prospectively frozen Phase 5D.2 validation criterion,chemically real atoms only for ligand centroids; Meeko G0 atoms excluded
4Z39,MvicOBP3,Bio55,5,0.044505055892561,0.1099999999999994,0.9636363636363636,5,1,0.2523391174439122,0.3617309596885973,STABLE,five seeds AND sample SD <=0.20 AND mean pairwise contact Jaccard >=0.60 AND largest 3-A centroid cluster >=3,transparent post hoc descriptive execution-code rule; thresholds not located in frozen Phase5D1/5D2 evidence,STABLE,True,PASS,STABLE,post hoc descriptive; applied uniformly after production docking; not a prospectively frozen Phase 5D.2 validation criterion,chemically real atoms only for ligand centroids; Meeko G0 atoms excluded
4Z39,MvicOBP3,Bio56,5,0.1435437215624562,0.3639999999999999,0.9192307692307692,5,1,0.5922178711463424,0.8699337318312118,STABLE,five seeds AND sample SD <=0.20 AND mean pairwise contact Jaccard >=0.60 AND largest 3-A centroid cluster >=3,transparent post hoc descriptive execution-code rule; thresholds not located in frozen Phase5D1/5D2 evidence,STABLE,True,PASS,STABLE,post hoc descriptive; applied uniformly after production docking; not a prospectively frozen Phase 5D.2 validation criterion,chemically real atoms only for ligand centroids; Meeko G0 atoms excluded
4Z39,MvicOBP3,Bio59,5,0.0064961527075644,0.0169999999999994,1.0,5,1,0.0342266879406297,0.0553621210255217,STABLE,five seeds AND sample SD <=0.20 AND mean pairwise contact Jaccard >=0.60 AND largest 3-A centroid cluster >=3,transparent post hoc descriptive execution-code rule; thresholds not located in frozen Phase5D1/5D2 evidence,STABLE,True,PASS,STABLE,post hoc descriptive; applied uniformly after production docking; not a prospectively frozen Phase 5D.2 validation criterion,chemically real atoms only for ligand centroids; Meeko G0 atoms excluded
4Z39,MvicOBP3,Bio8,5,0.0051768716422179,0.0140000000000002,0.95,5,1,0.0429767839880534,0.0727002622072307,STABLE,five seeds AND sample SD <=0.20 AND mean pairwise contact Jaccard >=0.60 AND largest 3-A centroid cluster >=3,transparent post hoc descriptive execution-code rule; thresholds not located in frozen Phase5D1/5D2 evidence,STABLE,True,PASS,STABLE,post hoc descriptive; applied uniformly after production docking; not a prospectively frozen Phase 5D.2 validation criterion,chemically real atoms only for ligand centroids; Meeko G0 atoms excluded
4Z39,MvicOBP3,Bio9,5,0.0056568542494921,0.0139999999999993,0.9555555555555556,5,1,0.1050273126472916,0.2247389981377278,STABLE,five seeds AND sample SD <=0.20 AND mean pairwise contact Jaccard >=0.60 AND largest 3-A centroid cluster >=3,transparent post hoc descriptive execution-code rule; thresholds not located in frozen Phase5D1/5D2 evidence,STABLE,True,PASS,STABLE,post hoc descriptive; applied uniformly after production docking; not a prospectively frozen Phase 5D.2 validation criterion,chemically real atoms only for ligand centroids; Meeko G0 atoms excluded
4Z45,NribOBP3,Bio13,5,0.0785283388338247,0.197,0.7893939393939394,5,1,1.2943893669947766,1.769389693902643,STABLE,five seeds AND sample SD <=0.20 AND mean pairwise contact Jaccard >=0.60 AND largest 3-A centroid cluster >=3,transparent post hoc descriptive execution-code rule; thresholds not located in frozen Phase5D1/5D2 evidence,STABLE,True,PASS,STABLE,post hoc descriptive; applied uniformly after production docking; not a prospectively frozen Phase 5D.2 validation criterion,chemically real atoms only for ligand centroids; Meeko G0 atoms excluded
4Z45,NribOBP3,Bio17,5,0.0306512642479884,0.0740000000000007,0.7003030303030302,5,1,0.5368644564343836,0.6139551530853042,STABLE,five seeds AND sample SD <=0.20 AND mean pairwise contact Jaccard >=0.60 AND largest 3-A centroid cluster >=3,transparent post hoc descriptive execution-code rule; thresholds not located in frozen Phase5D1/5D2 evidence,STABLE,True,PASS,STABLE,post hoc descriptive; applied uniformly after production docking; not a prospectively frozen Phase 5D.2 validation criterion,chemically real atoms only for ligand centroids; Meeko G0 atoms excluded
4Z45,NribOBP3,Bio20,5,0.0145499140890934,0.032,1.0,5,1,0.0747576179271418,0.1210787347142336,STABLE,five seeds AND sample SD <=0.20 AND mean pairwise contact Jaccard >=0.60 AND largest 3-A centroid cluster >=3,transparent post hoc descriptive execution-code rule; thresholds not located in frozen Phase5D1/5D2 evidence,STABLE,True,PASS,STABLE,post hoc descriptive; applied uniformly after production docking; not a prospectively frozen Phase 5D.2 validation criterion,chemically real atoms only for ligand centroids; Meeko G0 atoms excluded
4Z45,NribOBP3,Bio21,5,0.0058309518948454,0.0140000000000002,1.0,5,1,0.0345178298195801,0.051977824260698,STABLE,five seeds AND sample SD <=0.20 AND mean pairwise contact Jaccard >=0.60 AND largest 3-A centroid cluster >=3,transparent post hoc descriptive execution-code rule; thresholds not located in frozen Phase5D1/5D2 evidence,STABLE,True,PASS,STABLE,post hoc descriptive; applied uniformly after production docking; not a prospectively frozen Phase 5D.2 validation criterion,chemically real atoms only for ligand centroids; Meeko G0 atoms excluded
4Z45,NribOBP3,Bio22,5,0.0116275534829989,0.0289999999999999,1.0,5,1,0.0513734046677525,0.0947052796838671,STABLE,five seeds AND sample SD <=0.20 AND mean pairwise contact Jaccard >=0.60 AND largest 3-A centroid cluster >=3,transparent post hoc descriptive execution-code rule; thresholds not located in frozen Phase5D1/5D2 evidence,STABLE,True,PASS,STABLE,post hoc descriptive; applied uniformly after production docking; not a prospectively frozen Phase 5D.2 validation criterion,chemically real atoms only for ligand centroids; Meeko G0 atoms excluded
4Z45,NribOBP3,Bio31,5,0.1243462906563762,0.298,0.8163636363636364,5,1,1.3103552640896092,1.8863081959213344,STABLE,five seeds AND sample SD <=0.20 AND mean pairwise contact Jaccard >=0.60 AND largest 3-A centroid cluster >=3,transparent post hoc descriptive execution-code rule; thresholds not located in frozen Phase5D1/5D2 evidence,STABLE,True,PASS,STABLE,post hoc descriptive; applied uniformly after production docking; not a prospectively frozen Phase 5D.2 validation criterion,chemically real atoms only for ligand centroids; Meeko G0 atoms excluded
4Z45,NribOBP3,Bio36,5,0.0142583308981099,0.0339999999999998,0.9454545454545455,5,1,0.0866314048850881,0.1180458658584938,STABLE,five seeds AND sample SD <=0.20 AND mean pairwise contact Jaccard >=0.60 AND largest 3-A centroid cluster >=3,transparent post hoc descriptive execution-code rule; thresholds not located in frozen Phase5D1/5D2 evidence,STABLE,True,PASS,STABLE,post hoc descriptive; applied uniformly after production docking; not a prospectively frozen Phase 5D.2 validation criterion,chemically real atoms only for ligand centroids; Meeko G0 atoms excluded
4Z45,NribOBP3,Bio38,5,0.0253909432672364,0.0610000000000008,0.8400000000000001,5,1,0.17038014717894853,1.662689706469613,STABLE,five seeds AND sample SD <=0.20 AND mean pairwise contact Jaccard >=0.60 AND largest 3-A centroid cluster >=3,transparent post hoc descriptive execution-code rule; thresholds not located in frozen Phase5D1/5D2 evidence,STABLE,True,PASS,STABLE,post hoc descriptive; applied uniformly after production docking; not a prospectively frozen Phase 5D.2 validation criterion,chemically real atoms only for ligand centroids; Meeko G0 atoms excluded
4Z45,NribOBP3,Bio39,5,0.0034205262752975,0.0090000000000003,1.0,5,1,0.0350580202154748,0.0497303472541298,STABLE,five seeds AND sample SD <=0.20 AND mean pairwise contact Jaccard >=0.60 AND largest 3-A centroid cluster >=3,transparent post hoc descriptive execution-code rule; thresholds not located in frozen Phase5D1/5D2 evidence,STABLE,True,PASS,STABLE,post hoc descriptive; applied uniformly after production docking; not a prospectively frozen Phase 5D.2 validation criterion,chemically real atoms only for ligand centroids; Meeko G0 atoms excluded
4Z45,NribOBP3,Bio4,5,0.0114760620423559,0.0270000000000001,0.775,5,1,0.0533050491181389,1.7423070538800018,STABLE,five seeds AND sample SD <=0.20 AND mean pairwise contact Jaccard >=0.60 AND largest 3-A centroid cluster >=3,transparent post hoc descriptive execution-code rule; thresholds not located in frozen Phase5D1/5D2 evidence,STABLE,True,PASS,STABLE,post hoc descriptive; applied uniformly after production docking; not a prospectively frozen Phase 5D.2 validation criterion,chemically real atoms only for ligand centroids; Meeko G0 atoms excluded
4Z45,NribOBP3,Bio42,5,0.0409963413001696,0.0899999999999998,0.7652777777777777,5,1,0.919414183255804,1.3053429472747728,STABLE,five seeds AND sample SD <=0.20 AND mean pairwise contact Jaccard >=0.60 AND largest 3-A centroid cluster >=3,transparent post hoc descriptive execution-code rule; thresholds not located in frozen Phase5D1/5D2 evidence,STABLE,True,PASS,STABLE,post hoc descriptive; applied uniformly after production docking; not a prospectively frozen Phase 5D.2 validation criterion,chemically real atoms only for ligand centroids; Meeko G0 atoms excluded
4Z45,NribOBP3,Bio47,5,0.1782787143772357,0.4169999999999998,0.7269813519813519,5,1,1.2143657751611825,2.068207486904748,STABLE,five seeds AND sample SD <=0.20 AND mean pairwise contact Jaccard >=0.60 AND largest 3-A centroid cluster >=3,transparent post hoc descriptive execution-code rule; thresholds not located in frozen Phase5D1/5D2 evidence,STABLE,True,PASS,STABLE,post hoc descriptive; applied uniformly after production docking; not a prospectively frozen Phase 5D.2 validation criterion,chemically real atoms only for ligand centroids; Meeko G0 atoms excluded
4Z45,NribOBP3,Bio49,5,0.2035158470488233,0.5380000000000003,0.77002997002997,5,1,0.6349348653417178,1.226973151929393,VARIABLE,five seeds AND sample SD <=0.20 AND mean pairwise contact Jaccard >=0.60 AND largest 3-A centroid cluster >=3,transparent post hoc descriptive execution-code rule; thresholds not located in frozen Phase5D1/5D2 evidence,VARIABLE,True,PASS,VARIABLE,post hoc descriptive; applied uniformly after production docking; not a prospectively frozen Phase 5D.2 validation criterion,chemically real atoms only for ligand centroids; Meeko G0 atoms excluded
4Z45,NribOBP3,Bio51,5,0.0691426062569237,0.1899999999999999,0.7963636363636365,5,1,2.1474472091111663,2.8479192707728727,STABLE,five seeds AND sample SD <=0.20 AND mean pairwise contact Jaccard >=0.60 AND largest 3-A centroid cluster >=3,transparent post hoc descriptive execution-code rule; thresholds not located in frozen Phase5D1/5D2 evidence,STABLE,True,PASS,STABLE,post hoc descriptive; applied uniformly after production docking; not a prospectively frozen Phase 5D.2 validation criterion,chemically real atoms only for ligand centroids; Meeko G0 atoms excluded
4Z45,NribOBP3,Bio53,5,0.0425170554013329,0.1100000000000003,0.8666666666666666,5,1,0.1481873646766214,0.76845083229892,STABLE,five seeds AND sample SD <=0.20 AND mean pairwise contact Jaccard >=0.60 AND largest 3-A centroid cluster >=3,transparent post hoc descriptive execution-code rule; thresholds not located in frozen Phase5D1/5D2 evidence,STABLE,True,PASS,STABLE,post hoc descriptive; applied uniformly after production docking; not a prospectively frozen Phase 5D.2 validation criterion,chemically real atoms only for ligand centroids; Meeko G0 atoms excluded
4Z45,NribOBP3,Bio55,5,0.1207530537916121,0.3029999999999999,0.8800000000000001,5,1,0.2919576680587915,0.5921684273640313,STABLE,five seeds AND sample SD <=0.20 AND mean pairwise contact Jaccard >=0.60 AND largest 3-A centroid cluster >=3,transparent post hoc descriptive execution-code rule; thresholds not located in frozen Phase5D1/5D2 evidence,STABLE,True,PASS,STABLE,post hoc descriptive; applied uniformly after production docking; not a prospectively frozen Phase 5D.2 validation criterion,chemically real atoms only for ligand centroids; Meeko G0 atoms excluded
4Z45,NribOBP3,Bio56,5,0.2241869755360467,0.4900000000000002,0.8742424242424243,5,1,0.8696398618631203,1.1343045211347205,VARIABLE,five seeds AND sample SD <=0.20 AND mean pairwise contact Jaccard >=0.60 AND largest 3-A centroid cluster >=3,transparent post hoc descriptive execution-code rule; thresholds not located in frozen Phase5D1/5D2 evidence,VARIABLE,True,PASS,VARIABLE,post hoc descriptive; applied uniformly after production docking; not a prospectively frozen Phase 5D.2 validation criterion,chemically real atoms only for ligand centroids; Meeko G0 atoms excluded
4Z45,NribOBP3,Bio59,5,0.0202805325373867,0.0510000000000001,1.0,5,1,0.0419260077023745,0.0823288797715881,STABLE,five seeds AND sample SD <=0.20 AND mean pairwise contact Jaccard >=0.60 AND largest 3-A centroid cluster >=3,transparent post hoc descriptive execution-code rule; thresholds not located in frozen Phase5D1/5D2 evidence,STABLE,True,PASS,STABLE,post hoc descriptive; applied uniformly after production docking; not a prospectively frozen Phase 5D.2 validation criterion,chemically real atoms only for ligand centroids; Meeko G0 atoms excluded
4Z45,NribOBP3,Bio8,5,0.0689528824633168,0.173,0.7212121212121211,5,1,0.0991283384238748,2.943809821579003,STABLE,five seeds AND sample SD <=0.20 AND mean pairwise contact Jaccard >=0.60 AND largest 3-A centroid cluster >=3,transparent post hoc descriptive execution-code rule; thresholds not located in frozen Phase5D1/5D2 evidence,STABLE,True,PASS,STABLE,post hoc descriptive; applied uniformly after production docking; not a prospectively frozen Phase 5D.2 validation criterion,chemically real atoms only for ligand centroids; Meeko G0 atoms excluded
4Z45,NribOBP3,Bio9,5,0.0046583258795408,0.0129999999999999,1.0,5,1,0.0365157941673698,0.072685777303555,STABLE,five seeds AND sample SD <=0.20 AND mean pairwise contact Jaccard >=0.60 AND largest 3-A centroid cluster >=3,transparent post hoc descriptive execution-code rule; thresholds not located in frozen Phase5D1/5D2 evidence,STABLE,True,PASS,STABLE,post hoc descriptive; applied uniformly after production docking; not a prospectively frozen Phase 5D.2 validation criterion,chemically real atoms only for ligand centroids; Meeko G0 atoms excluded
