old_path,new_path,sha256,bytes,byte_identical
phase5d1_outputs/proposed_core_voc_panel.csv,data/docking/production_voc_panel.csv,ed0723213c9ebe000fd14915354413541009f205c330cd42be411fe5c5e08ab6,12571,true
phase5d2_outputs/frozen_docking_protocol.json,data/docking/docking_protocol.json,496f2bc938adb4e6e372e0fdd02b9b6a9903a3f45d93c9118a0a4bec1c9242dc,1809,true
phase5d3_outputs/production_ligand_validation.csv,data/docking/ligand_validation.csv,9348053b1a4da1a01dd2be9a3ad3bb43ff19fcc5404c30d97b3d5f62b02a72e7,15633,true
phase5d3_outputs/production_receptor_validation.csv,data/docking/receptor_validation.csv,60447bcc80e183cd11b0c7bfe5fc18a38bd34eebc78baaa390576b7040c1a855,3215,true
phase5d3_outputs/representative_complex_selection.csv,data/docking/representative_complexes.csv,ced34a5f6954657e86cc73f3a9fc33e39d60b68de4a1e55269b02100edad30f0,2070,true
phase5d3a_outputs/frozen_authoritative_docking_results.csv,data/docking/docking_runs_rank1.csv,61fa404ff742e02b6a822e8d501aebf4343d1fb4d811b8101ae70c9df86c1261,170203,true
phase5d3a_outputs/frozen_authoritative_pose_results.csv,data/docking/docking_poses.csv,31ff7778938030733253789a537f6c288286edf5a003f684d5beb0dc21e9ca37,1697977,true
phase5d3a_outputs/frozen_authoritative_pair_results.csv,data/docking/docking_pairs.csv,e1d70243954f03ebb9e1a10a9b5ebd2e082675312081a24ec41fbb0cc564694c,12766,true
phase5d3a_outputs/frozen_authoritative_receptor_comparison.csv,data/docking/receptor_comparison.csv,e95ab2907528fa69e2f62fb4fadfe498c4eae6c42ce1f7b55b26afc41c6061b7,3805,true
phase5d3a_outputs/frozen_authoritative_validation_summary.csv,data/docking/validation_summary.csv,540adad09701b02ac87f46f33dd8df2e4ca4228d39246c567ff1261b4562b13c,815,true
phase5d3b_outputs/corrected_representative_interactions.csv,data/docking/representative_interactions.csv,332090105ed6d449996c69e70d9e0b0714a85cfd347a5eeadd0b9131fd588bf5,21765,true
phase5d3b_outputs/stability_pair_classification_final.csv,data/docking/stability_classifications.csv,6aa5c5a4b400291eb99bed78a8e4efb73b0589b0895b6bb47db9063c1c1a7a25,22796,true
