evidence_id,ligand_id,organism_id,protein_id,evidence_level,confidence,evidence_category,assay_type,result_summary,quantitative_value,units,citation_key,source_url,source_chunk,validation_status,notes
ev_apis_obp3_ebf_qiao_2009,ligand_ebf,aphid_acyrthosiphon_pisum,apis_obp3,2,High,protein_binding,fluorescence_binding,"EBF showed good affinity to OBP3; OBP3 suggested as alarm pheromone mediator",TBD,TBD,Qiao_2009_IBMB,https://www.sciencedirect.com/science/article/abs/pii/S0965174809000551,1,needs_full_text_value,"Exact Qiao 2009 numeric value not verified from open sources on 2026-08-16; do not substitute Sun 2012 KD 13 uM or unverified aggregator values."
ev_apis_obp1_ebf_qiao_2009,ligand_ebf,aphid_acyrthosiphon_pisum,apis_obp1,2,Medium,protein_binding_comparison,fluorescence_binding,"EBF did not show the same selective OBP3-like binding pattern for OBP1",TBD,TBD,Qiao_2009_IBMB,https://www.sciencedirect.com/science/article/abs/pii/S0965174809000551,1,needs_exact_negative_or_weak_result,
ev_apis_obp8_ebf_qiao_2009,ligand_ebf,aphid_acyrthosiphon_pisum,apis_obp8,2,Medium,protein_binding_comparison,fluorescence_binding,"EBF did not show the same selective OBP3-like binding pattern for OBP8",TBD,TBD,Qiao_2009_IBMB,https://www.sciencedirect.com/science/article/abs/pii/S0965174809000551,1,needs_exact_negative_or_weak_result,
ev_apis_obp3_ebf_sun_2012,ligand_ebf,aphid_acyrthosiphon_pisum,apis_obp3,2,High,protein_binding_behavior,recombinant_OBP_binding_plus_behavior,"Sun 2012 Table S1 reports (E)-beta-farnesene as LIG-1; ApisOBP3 KD 13 uM and IC50 17 uM",13,uM KD,Sun_2012_PLOS,https://pmc.ncbi.nlm.nih.gov/articles/PMC3299684/,1,table_value_verified_2026-08-10,"Figure 3 maps (E)-beta-farnesene to LIG-1; Table S1 reports IC50 17 uM and KD 13 uM for OBP3."
ev_apis_obp7_ebf_sun_2012,ligand_ebf,aphid_acyrthosiphon_pisum,apis_obp7,2,High,protein_binding_behavior,recombinant_OBP_binding_plus_behavior,"Sun 2012 Table S1 reports (E)-beta-farnesene as LIG-1; ApisOBP7 KD 1.3 uM and IC50 2.2 uM",1.3,uM KD,Sun_2012_PLOS,https://pmc.ncbi.nlm.nih.gov/articles/PMC3299684/,1,table_value_verified_2026-08-10,"Figure 3 maps (E)-beta-farnesene to LIG-1; Table S1 reports IC50 2.2 uM and KD 1.3 uM for OBP7."
ev_apis_or5_ebf_or_2026,ligand_ebf,aphid_acyrthosiphon_pisum,apis_or5_orco,1,High,direct_receptor,TEVC_RNAi_behavior,"OR5 is part of the EBF-selective receptor set; knockdown suppresses EBF-induced repellency",TBD,TBD,OR_EBF_2026,https://pmc.ncbi.nlm.nih.gov/articles/PMC12969152/,1,needs_exact_response_value,
ev_apis_or40_ebf_or_2026,ligand_ebf,aphid_acyrthosiphon_pisum,apis_or40_orco,1,High,direct_receptor,TEVC_RNAi_behavior,"OR40 responds to EBF and geranyl acetate; Figure 3D reports EBF EC50 1.58e-5 mol/L",1.58e-5,mol/L,OR_EBF_2026,https://pmc.ncbi.nlm.nih.gov/articles/PMC12969152/,1,figure_value_verified_2026-08-16,"Figure 3D reports ApisOR40 EBF EC50 = 1.58 x 10^-5 mol/L, n = 8; data mean +/- SEM."
ev_apis_or43_ebf_or_2026,ligand_ebf,aphid_acyrthosiphon_pisum,apis_or43_orco,1,High,direct_receptor,TEVC_RNAi_behavior,"OR43 responds strongly to EBF; Figure 3D reports EBF EC50 2.91e-6 mol/L",2.91e-6,mol/L,OR_EBF_2026,https://pmc.ncbi.nlm.nih.gov/articles/PMC12969152/,1,figure_value_verified_2026-08-16,"Figure 3D reports ApisOR43 EBF EC50 = 2.91 x 10^-6 mol/L, n = 6; data mean +/- SEM."
ev_mvic_obp3_ebf_northey_2016,ligand_ebf,aphid_megoura_viciae,mvic_obp3_4z39,2,High,protein_binding_structure,fluorescence_binding_docking_MD,"M. viciae OBP3 can bind alarm pheromone components; PDB 4Z39 provides experimental receptor structure",TBD,TBD,Northey_2016_OBP3,https://pmc.ncbi.nlm.nih.gov/articles/PMC4840437/,1,needs_ligand_specific_value,
ev_mvic_obp3_limonene_northey_2016_binding,ligand_limonene,aphid_megoura_viciae,mvic_obp3_4z39,2,High,protein_binding,fluorescence_competitive_binding,"MvicOBP3 binds (+)-limonene, one component of the M. viciae alarm blend",2.5,uM Ki,Northey_2016_OBP3,https://pmc.ncbi.nlm.nih.gov/articles/PMC4840437/,2,needs_value_verification,
ev_mvic_limonene_behavior_2018,ligand_limonene,aphid_megoura_viciae,mvic_obp3_4z39,3,Medium,behavioral_context,alarm_behavior_context,"(+)-limonene reported as one active single component in M. viciae alarm-response behavior; full blend stronger",TBD,TBD,Mvic_OBP_expression_2018,https://pmc.ncbi.nlm.nih.gov/articles/PMC6027062/,2,needs_source_detail_check,
ev_afabae_mesa_olfactory_hardie_1994,ligand_methyl_salicylate,aphid_aphis_fabae,receptor_unknown_aphid_olfaction,3,High,behavior_electrophysiology,olfactory_cell_linear_track,"Methyl salicylate stimulates specific olfactory cells and repels Aphis fabae; inhibits attraction to broad bean host volatiles",TBD,TBD,Hardie_1994_JCE,https://pubmed.ncbi.nlm.nih.gov/24241919/,3,needs_dose_response_extraction,
ev_aglycines_mesa_soybean_induced_zhu_2005,ligand_methyl_salicylate,aphid_aphis_glycines,receptor_unknown_ecology,3,Medium,ecological_indirect,GCMS_GCEAD_field_trap,"Soybean aphid infestation induces methyl salicylate emission; MeSA attracts Coccinella septempunctata predator",TBD,TBD,Zhu_Park_2005_JCE,https://pubmed.ncbi.nlm.nih.gov/16222805/,3,indirect_natural_enemy_evidence,
ev_agif_obp9_6mho_2022,ligand_6mho,parasitoid_aphidius_gifuensis,agif_obp9,2,High,parasitoid_protein_binding,fluorescence_competitive_binding,"6-methyl-5-hepten-2-one bound AgifOBP9 in Table 1 with Ki 5.76 ± 0.87 uM and IC50 22.32 ± 3.38 uM",5.76,uM Ki,AgifOBP_2022,https://pmc.ncbi.nlm.nih.gov/articles/PMC9115719/,4,table_value_verified_2026-08-10,"Table 1 reports AgifOBP9 IC50 22.32 ± 3.38 uM and Ki 5.76 ± 0.87 uM; AgifOBP7 was >30 uM for this ligand."
ev_afunebris_6mho_behavior_2007,ligand_6mho,parasitoid_aphidius_funebris,receptor_unknown_parasitoid_olfaction,3,Medium,parasitoid_behavior,behavioral_attraction,"10 or 100 ng 6-methyl-5-hepten-2-one attracted Aphidius funebris in aphid-infested plant volatile context",10;100,ng,Aphidius_funebris_2007,https://pubmed.ncbi.nlm.nih.gov/17334919/,4,needs_assay_detail_check,
ev_apisum_6mho_density_2021,ligand_6mho,aphid_acyrthosiphon_pisum,receptor_unknown_ecology,5,Low-to-Medium,emission_context,plant_volatile_emission,"6-methyl-5-hepten-2-one emission varied with pea aphid infestation density; high at intermediate density",451,ng/h,Aphid_density_2021,https://pmc.ncbi.nlm.nih.gov/articles/PMC8538517/,4,emission_record_not_behavior_or_receptor,
ev_aglycines_benzaldehyde_field_zhu_2005,ligand_benzaldehyde,aphid_aphis_glycines,receptor_unknown_aphid_olfaction,3,Medium,field_behavior,field_trap_lure,"Benzaldehyde-baited traps captured greater numbers of alate soybean aphids than comparison treatments",TBD,aphids_per_trap,Zhu_Park_2005_JCE,https://pubmed.ncbi.nlm.nih.gov/16222805/,5,needs_exact_trap_counts,
