protein_id,organism_id,organism_type,protein_family,protein_name,ortholog_group,accession,structure_status,structure_id,evidence_role,source_chunks,validation_status,notes
apis_obp3,aphid_acyrthosiphon_pisum,aphid,OBP,ApisOBP3,OBP3,TBD,sequence_or_model,TBD,EBF/farnesol binding evidence,1,needs_accession,
apis_obp7,aphid_acyrthosiphon_pisum,aphid,OBP,ApisOBP7,OBP7,TBD,sequence_or_model,TBD,EBF and analogue binding/behavior evidence,1,needs_accession,
apis_obp1,aphid_acyrthosiphon_pisum,aphid,OBP,ApisOBP1,OBP1,TBD,sequence,TBD,comparison weak/negative EBF binding context,1,needs_accession_and_exact_result,
apis_obp8,aphid_acyrthosiphon_pisum,aphid,OBP,ApisOBP8,OBP8,TBD,sequence,TBD,comparison weak/negative EBF binding context,1,needs_accession_and_exact_result,
apis_or5_orco,aphid_acyrthosiphon_pisum,aphid,OR_complex,ApisOR5-Orco,OR5,"OR5 UniProt A0A1S6J146 / EMBL KX890157; Orco UniProt A0A1S6J137 / EMBL KX890154",reported_experimental_structure,"PDB 8Z9Z; PDB 8Z9A",EBF-selective OR evidence,1,accession_structure_verified_2026-08-16,"RCSB/NCBI PDB 8Z9Z is ApisOR5-Orco; RCSB lists ApisOR5 UniProt A0A1S6J146 and ApisOrco UniProt A0A1S6J137. 8Z9A is the geranyl-acetate-bound ApisOR5-Orco structure."
apis_or40_orco,aphid_acyrthosiphon_pisum,aphid,OR_complex,ApisOR40-Orco,OR40,"OR40 stable accession not verified; Orco UniProt A0A1S6J137 / EMBL KX890154",no_experimental_structure_verified,TBD,EBF and geranyl acetate response evidence,1,partial_orco_only_accession_verified_2026-08-16,"2026 iScience/PMC source confirms cloned full-length ApisOR40/Orco functional assay and EC50 context, but accessible UniProt/NCBI searches did not expose a stable ApisOR40 accession. Keep OR40 accession unresolved pending supplemental sequence/full database mapping."
apis_or43_orco,aphid_acyrthosiphon_pisum,aphid,OR_complex,ApisOR43-Orco,OR43,"OR43 UniProt A0A1S6J148 / EMBL KX890168; Orco UniProt A0A1S6J137 / EMBL KX890154",no_experimental_structure_verified,TBD,EBF response evidence,1,accession_verified_2026-08-16,"UniProt pea aphid odorant receptor search maps gene OR43 to A0A1S6J148 / KX890168. No experimental ApisOR43-Orco structure found in accessible sources."
mvic_obp3_4z39,aphid_megoura_viciae,aphid,OBP,MvicOBP3,OBP3,TBD,PDB_experimental_Xray,4Z39,EBF and limonene OBP3 structure/binding/docking evidence,1;2,ready_except_accession,
nrib_obp3,aphid_nasonovia_ribisnigri,aphid,OBP,NribOBP3,OBP3,TBD,PDB_experimental_reported,TBD,OBP3 structural comparison,1;2,needs_structure_id,
agif_obp9,parasitoid_aphidius_gifuensis,natural_enemy,OBP,AgifOBP9,OBP9,TBD,not_checked,TBD,parasitoid binding evidence for 6-methyl-5-hepten-2-one,4,needs_accession,
agif_obp7,parasitoid_aphidius_gifuensis,natural_enemy,OBP,AgifOBP7,OBP7,TBD,not_checked,TBD,weak/comparison binding evidence for 6-methyl-5-hepten-2-one,4,needs_accession_and_exact_result,
