organism_id,organism_type,scientific_name,common_name,taxonomic_group,role_in_curation,source_chunk,validation_status,notes
aphid_acyrthosiphon_pisum,aphid,Acyrthosiphon pisum,pea aphid,Aphididae,"OBP and OR evidence for EBF; pea aphid model species",1,needs_taxonomy_accession_check,
aphid_megoura_viciae,aphid,Megoura viciae,vetch aphid,Aphididae,"PDB 4Z39 OBP3 species; EBF and limonene evidence",1;2,needs_taxonomy_check,
aphid_nasonovia_ribisnigri,aphid,Nasonovia ribisnigri,currant-lettuce aphid,Aphididae,"OBP3 structural comparison species",1;2,needs_structure_id_check,
aphid_myzus_persicae,aphid,Myzus persicae,green peach aphid,Aphididae,"behavior/ortholog context for EBF literature",1,needs_protein_ortholog_check,
aphid_rhopalosiphum_padi,aphid,Rhopalosiphum padi,bird cherry-oat aphid,Aphididae,"planned EBF and 6-methyl-5-hepten-2-one context",1;4,needs_source_check,
aphid_sitobion_avenae,aphid,Sitobion avenae,English grain aphid,Aphididae,"planned EBF and wheat volatile context",1;4,needs_source_check,
aphid_aphis_fabae,aphid,Aphis fabae,black bean aphid,Aphididae,"methyl salicylate olfactory-cell and repellency evidence",3,needs_taxonomy_check,
aphid_aphis_glycines,aphid,Aphis glycines,soybean aphid,Aphididae,"methyl salicylate and benzaldehyde field/ecology evidence",3;5,needs_taxonomy_check,
aphid_aphis_gossypii,aphid,Aphis gossypii,cotton/melon aphid,Aphididae,"VOC.BIO real data label for methyl salicylate and other VOCs",3;5,needs_raw_label_cleanup,"raw data also contains Phis Gossypii"
parasitoid_aphidius_gifuensis,natural_enemy,Aphidius gifuensis,,Braconidae,"parasitoid OBP evidence for 6-methyl-5-hepten-2-one",4,needs_taxonomy_check,
parasitoid_aphidius_funebris,natural_enemy,Aphidius funebris,,Braconidae,"behavioral attraction to 6-methyl-5-hepten-2-one",4,needs_source_check,
parasitoid_aphidius_avenae,natural_enemy,Aphidius avenae,,Braconidae,"aphid-damaged wheat volatile response context",4,needs_source_check,
predator_coccinella_septempunctata,natural_enemy,Coccinella septempunctata,seven-spotted lady beetle,Coccinellidae,"methyl salicylate attraction in soybean aphid system",3,needs_taxonomy_check,
